,aapl,intu,klac,nvda,adsk,has,nke,tif,pvh,bby,abc,unh,ci,mck,hum,el,cost,wba,mo,syy,bkr,slb,hal,cvx,oke,ipg,omc,viac,cmcsa,dis,expd,gww,pcar,ba,rtn,es,eix,ed,sre,exc,ecl,shw,iff,fmc,ppg,pld,reg,avb,well,kim
0,0.01671462404189544,0.0023821638096001197,5.0536664682646165e-20,6.319737228053873e-19,0.005566981651768478,1.3677906458915605e-19,3.720086451788853e-20,2.827996794251722e-19,5.47288104437372e-19,1.068843215987745e-20,0.0016422076848791945,2.4590173271613795e-20,1.925066384565885e-19,5.436512955753398e-18,2.9592817851391906e-20,1.37378836451171e-18,3.6186444502581846e-18,1.1977793553036222e-20,2.749878844624996e-20,3.5503147168394274e-20,2.6379558108515526e-16,7.378990685828031e-19,2.7457558367271022e-18,4.887600699691261e-18,2.0000803115566858e-19,0.0007854720073173281,3.089369111844926e-20,5.418106636131614e-19,0.00023473557904019654,1.5855410151169217e-18,2.1489996579627477e-20,0.004477035793849751,3.552224694168606e-20,4.199940590024895e-20,0.00035800031666546764,2.171254550823491e-19,0.0066179327310478655,1.5859190339363187e-19,1.883206915418048e-19,1.0260758991624207e-19,5.0687602476525615e-19,5.440646596958501e-20,5.779179873992226e-18,2.1255965380318652e-19,7.224466556133085e-18,0.9612208463839359,4.176702806592549e-18,1.8963214502588756e-18,1.7624073068743308e-19,4.329990744088819e-19
1,0.014599858377219159,0.005077278174752489,2.3677648783803905e-18,7.309645629786952e-18,0.003969742606069526,2.011980536649963e-18,2.1333050553477317e-18,7.484273927164525e-18,1.1216082337126237e-17,1.745520259488031e-18,0.008161195281758786,7.302646131638605e-19,1.767639137860636e-17,1.989885011440693e-15,2.304636080983981e-18,6.646358205978764e-16,0.00275718238716067,4.108236934122729e-18,1.4678375227686479e-18,5.040683855315334e-19,1.8532592671352465e-16,1.2373235591045404e-15,0.013805097037666098,1.7583517854388328e-17,7.941937829877258e-18,0.0005654729864947829,1.734026268341181e-18,3.708868507830017e-17,2.6674133110205427e-05,0.0034945213711475866,7.287901501898252e-19,5.937546493814419e-17,1.6419011344887386e-18,8.380389132554357e-19,1.3928085918461016e-16,6.267376098728917e-17,0.0016561314252041583,1.0870394100237058e-17,7.80167342033845e-18,5.489919870269589e-17,1.6117303264427238e-17,4.09144176761337e-18,1.2370338179576448e-15,7.152076786100308e-18,1.1387224282204059e-16,0.94588684621941,6.041337055908175e-16,8.958952398393348e-17,9.459751582291088e-18,4.6471675517397573e-17
2,0.020753755806164228,3.4398605290460446e-19,1.858801426588118e-20,3.450542812233257e-19,1.3556414352960849e-19,5.828063659922925e-20,3.227506388445133e-20,4.102402442339713e-20,6.596103060754111e-20,5.52647476509703e-21,6.4069034184413e-19,8.881152401897264e-21,2.426945935542886e-19,0.18062946119115406,9.657563190963617e-21,3.1432972952370497e-18,6.338252014601993e-19,3.910762298084245e-21,1.07078465688899e-20,8.75774046727785e-21,1.2935652509569952e-18,2.419973130460967e-19,0.026801888979740052,1.3594295628052476e-19,4.0544367456328034e-20,0.00039111037176057774,1.5634443002825457e-20,6.906301906915468e-19,0.000788836664807538,2.3837578552765183e-13,1.2825577214500079e-20,7.871552400657068e-20,1.9550238075511484e-20,7.19234990115654e-21,4.257769311277266e-20,2.5985315092238267e-19,0.006588152685174656,3.710523907295534e-20,7.333462983741457e-20,4.991743989772858e-20,1.259719825867199e-19,4.203711861926869e-20,6.057490144724351e-19,4.3214524619775395e-20,4.163876795766816e-20,0.7640467943009606,2.4113954836493844e-18,9.399074056469557e-19,2.457091307004304e-20,5.113477505755001e-19
3,1.8515194438827712e-19,0.016711950043077916,5.088809063275828e-21,2.919243745687111e-20,3.0725589828110117e-20,2.6236941233438823e-21,9.044475855418276e-21,2.26721411854276e-20,3.981651394252313e-20,8.749077739673766e-22,1.2525514793653608e-19,1.6590463375564524e-21,2.469763438724709e-19,0.0696863947863425,4.750657305329373e-21,1.6595108398650842e-19,1.1727067732347547e-19,1.2790365873244253e-19,4.835082295432009e-21,1.1833641858362254e-20,2.442676207733036e-19,4.705015720169446e-18,0.021791242439308196,1.653364567258085e-20,2.4357387099978935e-20,3.4873183603697655e-20,4.0548381125045814e-20,1.0585546550985984e-19,0.0008819088912961564,1.6891630027708065e-19,4.335647652507816e-21,2.5200907312842077e-20,5.796311086519172e-21,1.2349431529657067e-19,3.124348077599917e-20,9.137646616961892e-20,7.398349753510816e-18,1.1986640174551573e-20,5.138510668608653e-20,2.9482795922180315e-19,5.633419018650205e-20,6.7181129759985784e-21,5.411292369103789e-20,1.6246925123410111e-19,7.273306514173962e-21,0.8909285038399752,1.6058229161271874e-18,2.122593046879281e-19,7.023589938429469e-21,7.705908353071309e-20
4,1.5561083217299838e-19,0.009595652433611641,3.01975770098e-21,1.0934742864026115e-18,2.2577269829521948e-20,2.770058141526274e-21,1.242943025727086e-20,2.9924725049668434e-20,1.7195384808233993e-20,5.295034911619508e-22,6.219923510513511e-19,4.2263352591755505e-21,4.2508313652098034e-20,8.292052156038963e-19,1.593076163884346e-20,1.4452372213682242e-19,3.2288575439886964e-19,9.110639799460781e-21,1.6343772843686104e-21,8.659187656450558e-21,8.460445860475852e-19,5.576839822663327e-19,0.022828936212777554,1.4667196136312366e-20,2.115709765334543e-20,6.794227197930514e-21,8.846457865395151e-21,4.0093415520341515e-19,0.0009860802419700673,9.802508359271046e-20,1.4112105972230024e-20,3.809172063421427e-20,6.440212597809905e-21,1.1278139946025876e-20,1.9761352762596256e-20,3.301764011529334e-20,9.158105815713391e-18,1.5297893916159902e-20,1.4374100813316208e-20,1.4863529358809853e-20,5.539746211837319e-20,1.0880955402785578e-20,1.661290711132521e-19,2.744040726812832e-20,5.187523598721336e-21,0.913370028387868,0.053219302723772885,1.1682695526577452e-19,4.5517614009743815e-21,1.0319044536550578e-19
5,8.523801850877979e-18,7.414692993782505e-18,4.2831980804550365e-19,2.4323226226313073e-18,5.830069942914197e-18,6.390621662076501e-20,1.1829455841316153e-18,4.5443641636506e-19,1.2662299016679291e-18,1.6405055488990827e-19,3.274481742149448e-17,1.170328620372281e-19,3.330836811240711e-18,5.00914122289205e-18,2.913900961842644e-19,4.580556226662767e-18,3.497363722934121e-18,1.5642976464343495e-19,2.6716790444750385e-19,1.3926160925889778e-19,7.009991185961708e-18,2.5326186074498747e-18,0.015090559919734922,7.279105750644442e-19,1.4026991155212741e-18,1.669201262125963e-19,3.279308525420324e-19,2.4356726072747243e-18,0.0010580380179480923,2.4835283313971033e-18,1.0893996158609072e-19,1.3168238692114143e-18,3.517816728224809e-19,2.3934107529054034e-19,1.0176786762728855e-18,2.685892654718265e-18,1.8447988271696635e-18,5.244181499981737e-19,5.172451120549635e-19,2.126489793143319e-18,1.5983580485779579e-18,4.263986539386905e-19,3.3817848815563623e-18,1.189869779165022e-18,2.4868860066653473e-19,0.9302295899376052,0.05362181212471175,4.3105622090879905e-18,2.4011337341528826e-19,3.1284255985645402e-18
6,8.600663265734988e-18,0.006160904898320103,7.664113993257615e-19,0.005330802849249538,1.3626067625275692e-17,1.1795380362888892e-18,1.2923088575289136e-18,1.671150666637986e-18,1.9799231328411397e-18,2.418639027322407e-19,0.011848970221010816,3.5652432746009833e-19,6.2137345840768735e-18,0.006532049400436842,1.136597044736709e-18,2.7677024201628927e-17,8.259545252183965e-17,2.29293810950115e-19,5.876667290749826e-19,9.438402574054586e-19,2.1868260516629494e-17,4.319100802717947e-18,0.019331244541345983,1.5318054596584888e-17,1.3366383803293107e-18,3.804378635171005e-19,7.722429660716634e-19,1.1605384327929022e-17,0.000759935283761865,4.5363317630610365e-18,3.8381697792842285e-19,3.366706200771991e-18,4.924496947010615e-19,9.587707001596069e-19,1.266990864685719e-18,1.8759424371532932e-17,2.585502752137314e-18,3.2003788655957927e-18,2.863163190020061e-18,1.8410273680234836e-18,2.3181795929535694e-18,1.1338008424985463e-18,3.4476693141618556e-17,7.660977370145821e-17,1.729211563144133e-18,0.9500360928058742,7.307467982637029e-17,8.892785691157446e-17,1.10040714913954e-18,1.7736453862957357e-17
7,2.0265075064348176e-17,0.015464166563931559,6.698169465594109e-19,0.016304866942684494,6.482403021826225e-18,4.219505694839395e-19,1.315978706971291e-18,1.352431716348918e-18,2.0993000880339485e-18,1.53253553469782e-19,3.8896808516952684e-16,2.701843503912887e-19,6.322164194160559e-18,0.08831137482785774,3.937011032080049e-19,2.453251099581192e-17,2.1865058227785233e-17,2.3201719401096265e-19,7.465663339838647e-19,4.565983050115247e-19,5.649439020786749e-17,3.4453947390404275e-18,0.03358698813592558,5.406126676174394e-18,1.3777308910242091e-18,3.6834979619955993e-19,3.6879625481598746e-19,1.5849990809757374e-17,1.649653070541144e-18,4.08886610463715e-18,4.483800583731214e-19,3.684519709105901e-18,3.1305328006817175e-19,5.641371868208093e-19,1.657530381668762e-18,7.772750752667733e-18,2.0282706183887795e-18,1.6125981676332341e-18,1.9942654244296515e-18,1.3322874377170006e-18,2.2637448671974373e-18,1.2514274612400482e-18,2.1873044600031536e-17,1.90398823867533e-18,1.4692618615131633e-18,0.8463326035295999,1.8220683967522822e-16,3.334895100497244e-17,7.698718136544888e-19,1.0617167037021182e-17
8,2.7887456112509755e-19,0.015511571268814079,4.247506297178037e-20,0.023191533469106202,1.8621102579350837e-19,1.2420764019328847e-20,4.4063729961191995e-20,8.084540887049412e-20,1.6029266928496436e-19,6.646075401205773e-21,4.2824752731893625e-17,1.6539036796092324e-20,3.4526517788210585e-16,1.1067045957369982e-18,1.669568649586446e-20,2.9984879937484967e-19,3.776612283198082e-17,2.162804699512872e-19,9.631349715084153e-20,2.1509852759703397e-20,1.7517717604253854e-16,2.559917369383371e-19,1.303929124957766e-19,6.239971546092624e-19,1.1005387839877387e-19,7.032562672481355e-19,3.215562292489673e-20,7.818510441418416e-18,4.275481371622435e-21,3.016292489447281e-19,1.6552059543019476e-20,4.911687606877588e-19,1.1053113169538696e-20,6.98769356235404e-20,3.5083797410096167e-19,3.5870778796400924e-19,7.738507040469989e-20,1.34463007049304e-19,5.44253616644094e-20,5.159153176386204e-20,1.284029195882395e-19,9.487068158245598e-20,1.447525680175752e-16,8.380017053553127e-18,1.1620708710760642e-19,0.961296895262079,7.706396741185837e-19,1.034562796627047e-18,3.33988469332058e-20,1.88609318663684e-19
9,3.553399761107733e-17,5.187090415330245e-17,1.6129222392577816e-18,0.00861982065907881,3.7486335438740554e-18,4.305911893588093e-19,1.6316738566195213e-18,2.627953880834292e-18,5.147100923661284e-18,2.518580340567034e-19,0.0026335357480397103,6.6026545318998425e-19,9.98585858394388e-16,1.3452641966317524e-16,4.1358672065204446e-19,9.50412161899028e-17,1.2308200746020158e-16,6.312558600432304e-19,8.710181227543908e-19,6.382698329623137e-19,0.01954744319402228,9.617468216712486e-18,5.0505071784663895e-17,5.456351792605072e-18,4.7750635379082734e-18,0.00038665816913046686,7.555509162965802e-19,0.05042567338456306,3.1170696233413924e-19,9.325361946712597e-18,1.2303737416299656e-18,2.3072214819589964e-14,5.340800617923105e-19,1.5177960244571366e-18,2.3488971535466714e-16,7.95410829924302e-18,2.6280395336246605e-18,5.387771326109177e-18,3.288795909140892e-18,2.534809664956507e-18,8.939327168492515e-18,2.6734246826538354e-18,3.425181767434574e-16,8.230826597422593e-18,2.3757166257663416e-18,0.9183868688451405,4.843645771239464e-17,3.428884279879409e-17,1.2668780830166728e-18,9.806632851679805e-18
10,4.162010301003153e-17,2.2189627542733322e-16,7.667274461723726e-19,3.473306713891155e-18,2.8919293165581734e-19,1.4582666037057723e-19,2.0784178435300576e-19,9.149736486478098e-19,6.920444426576123e-19,1.7224356989228723e-19,0.06451003873759978,7.377891711303322e-20,2.288206782261495e-18,6.448626938096584e-17,7.109925175010573e-20,1.0137580704216139e-16,5.720630005366173e-18,4.72844390888749e-20,7.386608250187593e-20,5.531560710082908e-20,1.2247951000264973e-17,5.716858679432399e-19,5.4141558243851665e-18,3.432245703288739e-19,5.069080614927771e-19,2.0686992116453668e-19,1.7738840360027423e-19,2.047242250977485e-15,1.3670274968494838e-19,1.453610969716538e-18,3.7912550794271925e-19,0.006094184899826457,3.0394652903406467e-19,1.2088654847945245e-19,5.0305778179212634e-18,1.3204142787917522e-18,5.083306731169396e-19,3.554437747946422e-19,6.160453006513335e-19,4.68691677049197e-19,1.8586359514215734e-18,3.976481899528993e-19,2.9190430051473685e-18,2.262320945430721e-19,4.2536381472878956e-19,0.9293957763625712,1.6815363340279384e-17,6.4432917202263695e-18,1.7802359112601557e-19,1.9702415417687107e-18
11,1.7633741090078272e-18,0.027290337542128094,6.6192492746963956e-21,2.1072779412026786e-19,6.6834222915998325e-21,1.6495024801292797e-21,4.391823579572228e-21,1.5319487567637243e-20,1.6919178247300938e-20,9.062186079351864e-22,5.063028092622268e-19,1.6952950613476178e-21,8.173383046155669e-20,0.33324667177255834,1.6002259186910271e-21,0.11569798163478537,4.972606469981896e-19,2.05765545485939e-21,2.1713856143168163e-21,1.6252544019668947e-21,1.4188653927316818e-17,1.8325169937531335e-20,3.4594908897525455e-19,1.026242557625944e-20,1.5947398446784024e-20,5.697756610083629e-21,2.1858513867233134e-21,2.5069736729073712e-18,1.1269727755981006e-21,2.732454184208993e-20,4.024556548005245e-21,1.9775008623092199e-19,1.967217483835378e-21,3.1652092285404808e-21,3.844105856954811e-20,3.008308453928732e-20,8.25645533352978e-21,1.4944537226449567e-20,1.0425449599079766e-20,8.92883637751971e-21,3.2256278047523276e-20,7.768832293723895e-21,4.384510347041084e-19,9.519199851268834e-21,9.114786772849504e-21,0.5237650090505281,3.4933822243951142e-19,1.5019619307264554e-19,4.245125029449829e-21,3.828330193707657e-20
12,1.1004882097733865e-18,0.09695410275368402,7.099990049465826e-20,2.5323329780153303e-18,2.4430055329859824e-20,1.3419447364128721e-20,2.3218316756267405e-20,1.0263639549674289e-19,8.671818859784741e-20,6.872910724319186e-21,0.04361195041471162,8.588355758399059e-21,3.223348911648238e-19,0.013562611046714898,1.0341200703820435e-20,4.1706010278308936e-18,1.4518914788659806e-18,9.207619537403418e-21,1.0393566044398482e-20,9.714980440516384e-21,0.690458338224273,7.758638686631705e-20,5.220626438155038e-19,4.171917246017919e-20,7.744743132176176e-20,3.073725768275032e-20,1.579385022359951e-20,0.03425306519006269,1.7698185411751047e-20,1.5676489705776876e-19,1.7879822601768976e-20,2.7269266906966183e-19,1.1594416711241314e-20,1.1228188811003223e-20,1.0906040573213415e-19,1.7362645926110842e-19,4.257644007321287e-20,6.516481635939987e-20,4.9709242595694974e-20,4.507708218129827e-20,1.4282794677412128e-19,3.3094290579666377e-20,9.809403841301412e-19,3.420068763436548e-20,4.5791649619104587e-20,0.12115993237055375,9.067409237624845e-19,6.255311451990863e-19,2.4212550101397626e-20,2.0889337139267954e-19
13,2.0154161453989224e-16,0.01107758067170068,4.161877527488779e-19,2.1360658303258288e-16,1.3107943688759756e-19,1.132434882441462e-19,1.4733176527374451e-19,2.9415853569948865e-17,7.209502480460063e-19,8.976157279812712e-19,3.7918373793150246e-17,3.1903625716282217e-20,1.0697662982466259e-18,0.3257921066333689,8.908571469643569e-20,9.394733678869446e-16,6.229780201925631e-16,6.517114602671764e-20,5.317354569251744e-20,1.1701416346189212e-19,7.999545860680896e-16,1.6502281650247464e-19,3.0020302031285187e-18,1.0238017769370041e-19,3.397143715446075e-19,5.665925870604364e-19,8.961286240023461e-20,0.12006727021824809,1.6849456678406822e-19,1.6318760574019823e-18,1.3258075053211037e-19,2.0735041212745503e-18,1.0412451744042319e-19,2.885521802621471e-20,1.6782456528103914e-19,1.418243931066234e-18,3.068460889547755e-19,3.161047293884057e-19,1.4645456087465922e-19,2.959929416620544e-19,1.0436446545247658e-18,3.002347413551102e-19,2.255997072530037e-18,6.125425112841152e-20,4.1279748805491044e-19,0.5430630424766795,4.3731002575728326e-18,4.688857175389355e-18,2.49229660291171e-19,1.9384279519228905e-18
14,5.788898925959657e-21,2.4186713778178484e-19,2.411584619757675e-21,4.8652941063357606e-20,5.69281813433606e-22,6.837001497185632e-22,9.108755467343934e-22,8.312090404581484e-21,2.035220897117837e-21,2.759103558969987e-22,4.769667118580474e-20,2.0005561682820223e-22,8.990640099789298e-21,0.3351946793767127,2.013401907894278e-22,2.130620857269064e-16,4.442092335843075e-20,2.0763403811045462e-22,3.04389922282369e-22,4.057054866110869e-22,2.9313522067821467e-19,3.710487491203892e-21,1.2243036245718074e-20,1.490482812933529e-21,1.7935494213326425e-21,8.863395708691348e-22,4.376307805795901e-22,0.29085682433434634,4.59732613755059e-22,5.069739134348823e-21,5.695220027976583e-22,4.6450649386061936e-21,3.5150596995454908e-22,4.2186259240250817e-22,2.3576262687853153e-21,9.59483207745282e-21,1.4670165061264074e-21,1.982653109830485e-21,1.9531238021693322e-21,1.1787504593352385e-21,4.347023450393782e-21,1.2752253174026939e-21,2.3354685379109826e-20,1.398628519584482e-21,1.3201174665264e-21,0.37394849628894067,2.216131458090196e-20,1.828187495080295e-20,1.1138393601913303e-21,6.913103160970524e-21
15,1.915114166796477e-17,0.04789318438066094,3.054467921169814e-17,6.617350167413322e-17,4.985888203266668e-19,1.0924451579404126e-18,1.003906701839617e-18,0.026431314068668832,3.738045192616827e-18,3.2112555212233483e-18,0.01743262346211906,6.462091244425125e-19,3.139091766717467e-17,0.4377817095205301,2.0625513984549977e-19,5.675746669263487e-17,1.512681244443442e-16,1.4979094946513356e-19,3.9330233521786204e-19,5.111032812312368e-19,1.9408713721346142e-16,3.917904703503822e-18,1.1177981135038601e-17,1.6339686967074704e-18,4.467420097723559e-18,1.9669101887371843e-17,1.6553289590247566e-18,0.011807319616711245,4.157253955557613e-19,1.5582823938448743e-17,7.541884455882951e-19,6.109132046398403e-18,1.0713380516344928e-18,4.009811078937008e-19,4.872106987561041e-18,1.6206519232370192e-17,2.9378718721613546e-18,2.8183027380106813e-18,4.736204477609104e-18,1.2719602028372091e-18,6.420298075813799e-18,1.2908840072765419e-18,1.9083633275462996e-17,1.8326212783711766e-18,1.9122380942312887e-18,0.4586538489513093,2.3490572553221927e-17,2.2173911396498776e-17,1.7624892207709292e-18,7.968865195418251e-18
16,7.623006571537914e-20,0.014518544988515372,6.813381959625462e-15,3.6962031711359575e-19,7.908969783114466e-21,1.648512329223763e-20,1.6471984653853146e-20,0.04669289924412735,2.459581710980968e-20,5.528413924204169e-21,6.5723622043913305e-19,2.463863560922107e-21,7.34539579965761e-20,0.05856997220359895,2.7855928164508268e-21,0.3059224102270205,8.710325166325557e-19,2.154131856174747e-21,4.928120722451105e-21,8.986355550914503e-21,4.3464972308107914e-18,5.3386119963431775e-20,1.3461869878786112e-19,2.4782824291495513e-20,2.1287445533200352e-20,1.3027888349629586e-18,1.627406930911542e-20,0.07233422497939339,8.540299776668711e-21,1.2303407369100498e-19,1.2100326782348021e-20,1.5287545186278325e-19,1.0945437141172469e-20,6.101265368416082e-21,4.6018086539724804e-20,1.9571435348952143e-19,1.8917260394567903e-20,2.572198565351638e-20,3.2357416515379935e-20,1.5732889388247798e-20,9.48704771202984e-20,2.0608577052117763e-20,8.819583895173207e-19,2.1289909801946207e-20,3.5321975846339225e-20,0.5019619483573378,2.5348670493215015e-19,2.286426420736247e-19,1.6105862880633745e-20,1.0234371297813476e-19
17,3.1309557309515976e-19,9.49460243017855e-18,5.907248487335747e-19,1.3907842117882932e-18,4.001509935936315e-20,1.2484259115792722e-19,1.3127973650901204e-19,0.019966081317137244,1.3447327606432337e-19,2.8877263017322636e-20,2.7521357587749845e-18,1.302869019975673e-20,3.883936496635849e-19,4.536093454881969e-16,1.2545376505510436e-20,0.3287376479687395,9.32672920124105e-16,1.4648849969686298e-20,2.850902679323268e-20,1.2669174708117743e-19,1.7509214652083827e-17,2.922668405085979e-19,5.154380969762496e-19,1.4227194731767468e-19,1.0495148142173438e-19,0.007431844950349714,1.1229578091362142e-19,1.5837510803378374e-17,7.055634678117537e-20,9.345908819644822e-19,7.339806021240673e-20,5.784472940679442e-19,5.948375469645567e-20,3.784598338153378e-20,2.5096396661586135e-19,1.5218712124603066e-18,9.377572239855066e-20,1.309158223195824e-19,1.6146463157537816e-19,7.713606598295489e-20,6.678390488655732e-19,1.5800565321598687e-19,6.044463098361821e-18,1.5707358851896822e-19,3.333198744421713e-19,0.6438644257637722,1.3548888238846645e-18,1.2876372573724218e-18,1.1056882229336246e-19,5.401228399593166e-19
18,4.44939056782153e-20,4.1613712779476776e-19,4.198136566639485e-20,2.3316750013284123e-19,1.5319217546955032e-20,1.5635192528538842e-20,2.941751933154218e-20,2.329618858780644e-19,2.4515513301348602e-20,4.278404513581713e-21,4.45798905793586e-19,2.6372417903619834e-21,7.801504192154269e-20,0.0029693090320306167,2.0999003278821756e-21,0.416930886271174,9.264400154674818e-19,2.7587065470033137e-21,4.997577663538051e-21,3.972096721420661e-20,0.141613167246977,4.4952025171149286e-20,8.930267838490652e-20,3.011672427524726e-20,2.3069432105256378e-20,0.009551035837108758,1.4601126461012513e-20,1.7248661067438257e-18,1.0603449233466429e-20,2.2297131077814976e-19,1.2341469097400033e-20,9.372251601570108e-20,1.2264645756052361e-20,7.57984655277068e-21,5.4174332259069686e-20,2.2153467862701777e-19,2.277351848148362e-20,2.4756583606392052e-20,3.126573163039343e-20,1.4535233065593952e-20,1.311253269943209e-19,3.477247263252017e-20,7.732191439877722e-20,4.1435337939984613e-20,9.814887010754679e-20,0.42893560161270966,2.6957832364841086e-19,2.6873669145439083e-19,2.0601000824531608e-20,1.011608528561927e-19
19,6.4354677307711496e-18,6.137700907000493e-17,6.709035193896514e-18,1.7585926530756295e-17,1.6717244929498098e-18,2.4637740199433423e-18,4.976765992297223e-18,6.539040082082611e-18,3.5619474725146125e-18,5.318990759975026e-19,4.04931568854884e-17,3.968001564530447e-19,9.722561080609226e-18,2.31780635421232e-16,2.9550745911986307e-19,0.07575094862311071,3.8006418718348923e-16,4.915163821563348e-19,7.728312900260146e-19,6.144497885026617e-18,1.0424420365016174e-16,4.380109707015753e-18,1.1462208163897612e-17,6.267205712656229e-18,3.998780819590721e-18,0.025321341683544513,2.3950654181310873e-18,1.9032779396539537e-16,3.0972085618475813e-18,2.4339173439940322e-17,9.93917992057495e-19,1.1919319356340248e-17,2.055325376064784e-18,1.0292088650221905e-18,6.519907812693871e-18,4.5424769044593466e-17,3.0697657906358316e-18,4.549480627099394e-18,4.737772246050539e-18,2.193985727380613e-18,1.446415288110334e-17,4.524866976866567e-18,0.0557026524006344,5.063659389753122e-18,1.0725175781727711e-17,0.8432250572927092,3.763282164579949e-17,2.790746119509257e-17,3.1997723505103266e-18,1.2359431654548148e-17
20,3.367379982234811e-20,5.279748434096944e-19,3.268400401711808e-20,1.2817804798851882e-19,8.912303391412619e-21,1.5702744968260602e-20,2.5902854817523116e-20,1.2789051162156484e-19,2.1285969700413922e-20,3.348182814599631e-21,2.899277974208327e-19,2.252493099865616e-21,6.719965815649128e-20,1.3336969516018335e-18,1.7340052769712593e-21,4.0051500470030034e-18,1.7271946426429033e-18,2.8544152884256076e-21,4.307146271667071e-21,2.1456708157928522e-20,3.2614729178833095e-15,2.9751663696322044e-20,7.775002199655134e-20,4.7938605027713744e-20,3.022458688862879e-20,0.004885913959363629,1.0575228437789831e-20,0.6718701823933797,1.000147027485774e-20,1.2886538478734014e-19,4.6943980442260385e-21,5.886430634494149e-20,1.0093026375279867e-20,7.179311168036984e-21,4.171423460073629e-20,3.7702340373329204e-19,1.9002889495444467e-20,2.806672883143749e-20,3.2637361737736323e-20,1.360608584603914e-20,7.199285644061798e-20,3.029296690128645e-20,3.7305535823875286e-18,4.1615065408756374e-20,5.548324684633496e-20,0.3232439036472533,2.3444452921565354e-19,1.8602944245490094e-19,2.2667581502554294e-20,7.585952539041447e-20
21,1.1040488674477953e-18,2.3453216611033044e-17,1.2999508981563373e-18,3.898935412554948e-18,8.582539441387357e-19,2.815832983950411e-19,1.217455243371829e-18,3.7934684889274534e-18,7.5711052134547e-19,1.7491725139843671e-19,1.0982778897605504e-17,8.73774493369813e-20,1.8941636497250156e-18,0.31150024549264377,5.1351220884520504e-20,0.20916888886955057,0.06047312610753237,6.737755126881208e-20,1.4779385077472168e-19,4.406662135506513e-19,7.549009591243772e-15,1.1768402911396751e-18,5.819414845767905e-18,1.7278580600434721e-18,1.0785732669306032e-18,0.008702692225684544,4.636357372693431e-19,0.41015504730456875,2.412095238078761e-19,4.1901889633782775e-18,2.1930123799315995e-19,2.6360677728677215e-18,4.716746742810012e-19,2.4812008843745125e-19,1.2237411929231773e-18,6.175342708113178e-18,8.883490693778688e-19,1.741177196805878e-18,8.063273028514474e-19,5.663054856040025e-19,2.997092797273315e-18,7.531158303454724e-19,4.105994798887049e-17,1.3496372926700834e-18,1.3775618924651933e-18,1.2477179673201629e-14,1.1575964037202295e-17,7.454960744877442e-18,3.676246445845522e-18,2.7007705630530714e-18
22,1.379654681454006e-20,5.235523859029929e-20,1.9633461570165173e-20,2.5088502817750037e-20,1.1402006444207077e-20,2.7122694633984075e-21,1.2607083143125516e-20,5.16164417239766e-20,7.31137544401433e-21,1.5200368012365561e-21,9.78862648042172e-20,3.114523741489656e-21,3.205210159539121e-20,0.5924522221102791,1.026364674308331e-21,0.01604103808607753,2.5848341931336263e-18,5.145435048666798e-21,2.654089869686133e-21,1.0158699442420211e-20,0.015240872174352167,1.1027271585871054e-20,8.0808460545699e-20,1.0796660812922436e-20,7.569354627416522e-21,0.016060960550151507,5.663625699636957e-21,0.36020490707913955,1.5441551422847148e-21,7.077632778035167e-20,2.6112869940701763e-21,4.44059488171621e-20,3.0663334557497976e-21,2.3185198616618844e-21,1.0553910293428172e-20,2.646448376763774e-20,1.0269223032767249e-20,1.0840290690936408e-20,8.31195774476814e-21,7.26508687747975e-21,1.8611735310842012e-20,5.605417469926056e-21,1.7505656249772705e-19,1.0534115082064846e-20,1.2248995528121172e-19,2.6789889015158333e-19,6.615713268341913e-20,4.152450763680061e-20,5.061864033575271e-21,1.95727381123906e-20
23,2.2724351179298534e-20,9.906297552298756e-20,4.698139922008892e-20,4.319930886351234e-20,4.8863968902559756e-20,4.416522571640537e-21,1.4312911210127244e-20,8.249669630353792e-20,1.0900384725247151e-20,3.2774806819558663e-21,1.6857136530830707e-19,1.381239940943182e-20,6.936995372650619e-20,0.681160595699073,1.8788917490281135e-21,0.31653915282776507,3.969729902916969e-19,2.019931140304765e-20,4.1893754547985635e-21,0.0010013679377912465,7.529302352988883e-19,1.572247925387565e-20,1.5014442577003457e-19,1.8270373072851182e-20,1.3092101456128821e-20,0.0012988835353704915,7.006119669143783e-21,4.230303165595082e-16,2.20873189871352e-21,6.362905949280552e-20,2.4498544300761405e-21,4.3151544109617526e-20,3.540512807472885e-21,3.595804098102622e-21,1.494590420319896e-20,4.2553067658246964e-20,2.6733686137166045e-20,2.3736416195864525e-20,1.2874461920119162e-20,1.2496000610235869e-20,2.8172441864232114e-20,8.160569491612517e-21,1.9687418000228958e-19,1.6838148135032514e-20,5.633700524717856e-20,8.135457249356383e-19,1.0728219707118764e-19,6.230375621565554e-20,7.475458242933651e-21,2.811361452095465e-20
24,6.208471541553807e-22,7.600906822228137e-21,3.694494184885416e-21,2.8653567522064862e-21,2.3109928565972385e-20,1.5563234673543085e-22,6.417456698900088e-22,2.4403176368441288e-21,3.9043493230039957e-22,2.742992122864283e-19,8.21855517110717e-21,0.0018961541085969276,4.8600152315715175e-21,0.2723943650440582,8.068055966720211e-23,3.618483239865371e-18,1.2778219238685836e-19,6.460868463655854e-22,1.087487025075304e-22,1.335066932463148e-21,0.20411048913047894,5.897920739541274e-22,4.498855710296079e-20,4.507950853977402e-22,5.006905795129596e-22,1.159339314113358e-20,1.9365025225896593e-22,0.5215989917168659,5.919949580883877e-23,1.7850788690991306e-21,3.1913952441657226e-22,1.862021037259241e-21,8.682603393173391e-23,1.1858815226914977e-22,4.959479733691418e-22,3.035291866268817e-21,1.0712350060885863e-21,9.617846020289096e-22,4.629397044624307e-22,4.19469681790252e-22,9.670866554199373e-22,4.360707141364976e-22,2.0778266509598096e-20,4.814243152703911e-22,7.248361521110751e-22,3.016099230712496e-18,4.191615450849041e-21,4.123307813836481e-21,6.359831000344976e-22,1.5729530319193738e-21
25,2.3080663293805722e-18,6.657591635649522e-17,4.867053436332308e-18,3.4805373885923076e-17,5.147358388323266e-17,3.2824247270618134e-19,1.0573032671308238e-18,6.707121002907217e-18,1.291689271343194e-18,1.9365612168631404e-17,2.604061431217638e-17,0.006816415467272003,5.6593772891700655e-18,7.56835089644958e-16,3.45579775236103e-19,2.0816311321263056e-16,0.2670983098961,7.604933801351699e-18,4.0796917177866173e-19,1.9989617106473645e-18,0.3440809448628632,2.4061660600400563e-18,1.9539452742935068e-16,1.235646175499458e-18,1.1111985075767067e-18,5.037336682072133e-18,6.309012882076581e-19,2.1591827276314463e-15,2.027034621096958e-19,1.206362001580665e-17,1.8069331929542574e-18,8.109343405507258e-18,2.148733927553297e-19,7.751812775155098e-19,3.2322309695617094e-18,3.5881926629022796e-18,3.223184861532935e-18,6.59139075075154e-18,2.3332542297134293e-18,1.0084813207031262e-18,1.161035166084764e-17,1.0536477415823533e-18,2.3301930060329526e-17,1.1661447499164954e-18,1.872423323167154e-18,0.38200432977376114,2.770765547801303e-17,2.20122601046412e-17,1.6213433982358937e-18,6.621700577492418e-18
26,7.939191561921422e-21,1.0700375876784224e-17,1.467142724636461e-20,1.6154546697186834e-20,6.469288216252691e-21,1.5334150806778514e-21,3.993187266854194e-21,1.3072381576598054e-20,5.6872405133340474e-21,0.007082651303849854,1.1477642514032843e-19,0.004237193176435262,1.8717012241232078e-20,0.13847083491529724,1.6296774014272838e-21,0.47007008611876455,0.04058339331414726,0.003046696142211495,1.822052221691774e-21,5.709693389687053e-21,0.29210111947963474,7.097675435622264e-21,2.0810100867228638e-19,4.996938515907146e-21,4.078472443181142e-21,7.904130937949821e-21,4.159396481519987e-21,2.4714522426684096e-19,1.0371146193659627e-21,3.234845353874887e-20,6.459083067818632e-21,1.8312969622406738e-20,1.0328373365691964e-21,2.0314057269782987e-21,7.646686889585907e-21,1.758168649479106e-20,6.7453665192235955e-21,1.2585882916201223e-20,6.618927781671733e-21,4.305732044590427e-21,4.08318688747957e-20,4.368592068767158e-21,5.641656791973017e-20,5.065874970598286e-21,8.272430035521953e-21,0.04440802554965949,7.246234240063763e-20,8.938755457905576e-20,4.168265563612999e-21,2.7453630108396074e-20
27,1.2333020767220401e-18,0.07199799159358246,2.008017175536583e-18,1.1269276117019935e-17,9.427527547128774e-19,2.704723794131896e-19,6.26037369923329e-19,2.1266669520794825e-18,1.1192453163751897e-18,0.004622900966971588,2.1882959781487977e-17,9.534789592127304e-19,4.9527679566158655e-18,4.4343663739559295e-16,3.1083895475602933e-19,0.6871756635169648,0.18397627020570634,0.002325264416245693,3.489149070595106e-19,7.812171701363879e-19,0.024052731747331215,1.66377832330344e-18,0.02584917755319725,9.792685365421545e-19,9.391072427245785e-19,1.4419434344180917e-18,6.217425624409601e-19,2.2229618013886637e-16,2.0477362833415762e-19,6.739988434629243e-18,1.7847537794050516e-18,2.9673790718402953e-18,1.8941845418539055e-19,4.0206226437829525e-19,2.1134686682588476e-18,3.0334580048817553e-18,1.2970968821474228e-18,2.1643960388541073e-18,1.1518364745489814e-18,8.372646122482578e-19,5.682653154208839e-18,7.652571037355405e-19,1.8712002030676082e-17,1.0437094716767013e-18,1.6435131283557938e-18,3.845075793624744e-17,9.577873721701073e-18,1.3107079576029366e-17,8.792223115291716e-19,5.9535677321641165e-18
28,1.695941266875434e-18,0.05192369877210571,3.0313359084291478e-18,5.695040066633985e-18,1.2915954398477575e-18,3.5773335870453746e-19,8.516518288507011e-19,3.351370062146024e-18,1.7283053771783082e-18,0.0014423966742632768,2.4823225153448417e-17,9.999367231399009e-19,5.429355990099268e-18,2.468886056617284e-15,8.789473960444493e-19,0.5177026493623287,0.18937157982407157,0.0021305420260277486,5.740112801310733e-19,1.0883125585573386e-18,4.341438131484231e-14,2.4233076322481553e-18,2.486469902319721e-15,1.557618373424838e-18,1.6226203582874475e-18,1.7469936815042287e-18,1.07762968736409e-18,1.5763085476130548e-16,4.703806850188072e-19,1.0505913254569769e-17,9.964001336830622e-18,4.6410215615497756e-18,3.217593101298589e-19,7.054222454368352e-19,2.6042913379963544e-18,4.535693645601826e-18,1.9135380750326662e-18,2.8039334725994233e-18,1.6583373539844132e-18,1.2981155968727445e-18,9.454639813795728e-18,1.1928575041136088e-18,1.8322976696947713e-17,1.4425631564836007e-18,2.9484892254106e-18,0.2374291333411545,1.5626192470699003e-17,2.1376509413800973e-17,9.304578497074156e-19,6.3424278193154014e-18
29,2.2587903821796e-21,0.13581539588023525,2.6375433672376155e-21,9.309322842992938e-21,1.290377369804687e-21,2.8541572638650526e-22,6.864168527583161e-22,2.3354247327645026e-21,1.164595640890583e-21,1.8930314273145053e-21,1.7760242928106232e-20,1.0914576453576398e-21,5.365920073815475e-21,3.5565732643093904e-19,0.00011233027245998382,0.7695800563085604,0.09346543643611786,0.0010267811026265009,8.372251892942785e-22,1.8329899810202268e-21,1.164911788866691e-16,3.388478670351855e-21,3.7295188822656115e-20,1.618527500910253e-21,1.419121212232861e-21,1.1331032058911043e-21,6.629643846056048e-22,1.2547852104887777e-20,3.2338614423508067e-22,6.996321539818964e-21,6.210898744208626e-22,3.5946221133808704e-21,2.4548211112322303e-22,4.472667554241029e-22,3.623701815174164e-21,3.976035585340337e-21,1.759152336336799e-21,2.3618973772012752e-21,1.3762385891319598e-21,1.083237311495591e-21,6.181206052690697e-20,1.1783167477277117e-21,2.2862044787114685e-20,1.3540104852901864e-21,1.9541969954054946e-21,4.543590162397686e-20,9.636009560926328e-21,1.4505325176727133e-20,9.975882833359785e-22,4.628478043207306e-21
30,8.780373065064636e-23,3.960263303595626e-22,1.9516020969617833e-22,2.2909004610024593e-22,1.0616323119484621e-22,2.808953357255658e-23,6.335594612273011e-23,2.66705814091094e-22,2.805875600713389e-22,6.396696154314921e-23,5.545107363766667e-22,1.370228491235807e-19,3.596322281978722e-22,7.079158683349964e-22,9.015989123811234e-23,1.992013549536248e-21,0.9618533377212923,2.5065391130592278e-23,9.467041954573254e-23,6.659992081833322e-23,2.110728948333727e-22,1.0762419988546041e-22,1.9349984760674002e-22,1.159376446682809e-22,1.5894159884904235e-22,2.232015452627195e-22,1.1014028355455194e-22,1.378593465868743e-22,0.004749113452043571,3.4070215584306807e-22,5.751541830293347e-23,2.430019102029537e-22,3.76811671202841e-23,1.9856724229535918e-22,2.5466492966381415e-22,6.579232813615019e-22,2.6174336338593387e-22,0.03339754882666395,1.7833567612760558e-22,1.0373793589755722e-22,3.357357093302983e-22,4.690192586054056e-22,7.86893341844753e-22,2.82868550150789e-23,2.63058864178366e-22,1.4747679801320925e-22,2.0591004083029799e-22,2.8107700072739074e-22,6.603158792994911e-22,1.9588274818762666e-22
31,1.2026673107921573e-23,5.191927530965834e-24,1.385207135876099e-24,1.7377870568022207e-24,9.795739479095504e-25,2.296418161911948e-24,6.753582878777767e-24,2.70737786339505e-24,1.1559916646069194e-24,1.0722098264243084e-24,4.420012432364712e-24,1.2362216930133037e-24,1.1706804063080408e-24,4.94994028769592e-24,1.1618981130259185e-24,3.570250687367496e-24,1.606975383331187e-23,9.034794108529448e-25,2.7506584727831593e-24,1.78222633186953e-24,1.9820274487397102e-24,1.930049941976076e-24,3.019172064598373e-24,1.106347809374512e-23,2.2716298667829412e-24,9.653130399532479e-25,1.0990028629683195e-24,9.402852592763856e-25,8.496870478655174e-25,2.554840366999903e-24,1.7795053065291223e-24,0.9909333713260646,1.0547216535897066e-24,9.094983916804119e-25,0.0005711630245139465,1.5914065919957802e-23,2.913689293241714e-24,1.8053823959289536e-23,4.210205797302429e-24,5.233528294479792e-24,7.112990819792603e-24,8.687332053983816e-24,2.482832595642308e-24,0.008495465649421441,2.3118454087444106e-24,1.4379658467153372e-24,1.8745763338640645e-24,1.4610252288868498e-24,5.336766917894448e-24,1.2817982634354644e-24
32,0.636924795937237,1.0073891946771225e-21,8.50134024823737e-23,2.2471322117746415e-22,6.05438405876802e-23,2.8216965587651565e-22,1.4160775473009966e-22,1.1461091340355392e-22,1.3581986977175244e-22,5.409109180167212e-23,1.0900845812872844e-22,1.2523337022271906e-22,6.802684174105502e-23,1.0780391232159153e-22,3.860781251874606e-23,8.799035229221131e-23,4.286795802411329e-22,9.483981555213855e-23,4.776603852634781e-23,1.4308365529979885e-22,8.020505864747076e-23,7.57415600001019e-23,1.1768250758510888e-22,1.5336703433250869e-22,7.109380577716835e-23,9.457548247064589e-23,5.983512007260744e-23,3.333101924921962e-23,1.8284518521137544e-22,9.746101227753675e-23,5.346928346005055e-23,0.36307520406276295,7.378822284808103e-23,4.345123851308335e-23,1.1641511294851048e-22,1.2886499637318961e-22,6.921759398218946e-23,4.320195661617282e-22,1.292050118761215e-22,5.011311016044516e-23,2.6637139187168455e-22,2.820338576799236e-21,1.586782048416923e-22,2.1425641676500834e-22,1.5333919326508117e-22,6.592315198842874e-23,8.531364228321615e-23,7.81560896492921e-23,1.422087906983202e-22,3.766446397808209e-23
33,1.0,1.5754874555951279e-21,2.521541815027742e-23,2.701997535343181e-23,1.379190294669722e-23,5.2307538950460276e-23,7.68602766806986e-23,3.1776499588295026e-23,2.7093578345127016e-23,1.5663780282562956e-23,7.616077884841118e-23,6.822327615752753e-23,3.69183924923e-23,1.2705359240391045e-22,5.2257329430589446e-23,9.451794029609187e-23,1.1965093126859667e-22,5.883437871312341e-23,2.4195570560843607e-23,2.4634558089341162e-23,3.3427602353399457e-23,5.999937605260173e-23,4.661151094752192e-23,9.055156846743975e-23,2.2419063325192306e-23,2.067851612464222e-23,1.645140673781801e-23,1.349568993371798e-23,7.814898759413435e-23,4.902104544208951e-23,7.959439837924479e-23,2.2110034321116833e-22,1.3316253281924495e-23,1.557360338395511e-23,2.452840172813068e-22,1.1220868422506916e-22,2.4355680107783347e-23,1.7955049979549614e-22,8.221164008937247e-23,2.401534107883783e-23,1.5400824946937812e-22,1.0065148270516114e-22,4.1963357901220205e-23,4.1715356675984834e-22,2.859047915848069e-23,3.3109429168886304e-23,3.8150844443667815e-23,3.846042307996332e-23,9.641521912618987e-23,1.5505646684508437e-23
34,1.0297958076051032e-22,6.354123393762215e-22,8.154498972834531e-23,1.0409142658698237e-22,3.0081323051926854e-23,3.2134001924577793e-22,4.0321082953847464e-22,1.4926375178374416e-22,9.486559935189521e-23,1.8646751413767942e-23,1.3032408119373421e-21,1.0304913687998715e-23,1.0092274715060146e-22,1.0,7.011964054809202e-24,2.6697239383083613e-21,9.751737522915703e-22,1.5342382105772088e-23,2.3858697699335574e-23,3.613502668586168e-23,1.7516457534343942e-22,1.4260302970630654e-22,2.3088700770939022e-22,3.572385162402721e-24,5.1765075332134687e-23,7.377355418791294e-23,2.4111646995317956e-23,2.5987682508253268e-22,6.985377397268787e-23,2.3809741096368037e-22,6.505075998078451e-22,5.531911410113044e-22,1.8935363189338735e-23,1.690384251368872e-23,9.815907545675362e-23,2.395798427629699e-22,5.977794990806744e-23,1.6089707157250341e-22,9.649548413292429e-23,5.057076340173941e-23,1.9300985742502154e-22,8.860401425623238e-22,2.6472957198103794e-22,1.197745582507554e-22,7.928983513973112e-23,2.0437992054656918e-22,2.069099340382269e-22,2.977458643624667e-22,6.175981371039323e-23,8.206393195041289e-23
35,5.509700388344655e-21,6.75811793393463e-20,5.942444303382729e-20,3.1231079807345444e-18,4.700203087570635e-21,1.1149102045308546e-21,2.523258534986541e-21,1.1965190093632762e-20,4.394241392964259e-21,1.8413770954732976e-21,3.8284075817986083e-19,1.3003174038371551e-20,1.8837006209853616e-20,1.8039265579975402e-19,3.984513336381106e-21,1.0,4.626274361632866e-20,7.290495296186906e-22,1.9243276570637565e-21,1.4295831407400814e-21,5.2456022364064894e-20,6.7730364678803234e-21,1.211373148861079e-19,2.156497771336339e-20,4.042737525087255e-21,9.585701895841621e-21,2.312045455758554e-21,1.0033719911226825e-19,1.3188224064802533e-21,1.4466700965597572e-20,1.6923088497263207e-19,1.3013582949309195e-20,6.490172183657227e-21,5.171967242076782e-21,1.1962936023855031e-20,5.211356758902928e-20,4.4236254855637877e-20,9.818148129416328e-21,1.0244202700666273e-20,9.673797943329059e-20,1.2660716049128447e-20,1.2394879192334498e-20,3.950341779692245e-20,5.276734399312897e-21,3.856358515754827e-21,5.91205169661466e-20,4.6528208349043325e-20,1.9538126771861617e-19,1.7880811536260126e-21,1.2287713454170159e-20
36,6.479636385459468e-20,1.2361033912245126e-18,6.936534535768308e-19,9.74475095035502e-19,3.4404902670472175e-19,2.966333703471132e-20,4.58448349435935e-20,1.460777030941906e-19,7.55355139482214e-20,4.3556506942395114e-20,1.0751066018940218e-18,3.497835330949243e-20,3.2536839812228866e-19,3.5512189986706176e-18,1.7840112265403758e-20,1.0,1.8287274390669067e-18,1.2020596045709147e-20,2.3333181836298285e-20,3.3845308920178125e-20,3.8338422710708234e-17,5.964396000896792e-19,1.6179651663044666e-18,1.6257998553105789e-18,6.463388902217135e-20,1.2224534482389591e-19,8.080352311028213e-20,9.715749306378475e-18,5.538634618361099e-18,2.9942195635446454e-19,4.917291519939653e-19,1.961071152818865e-19,8.437935939630193e-20,4.2510361982047895e-20,2.5506980577480276e-19,5.661574317252695e-19,3.1638710937843227e-18,1.3710074652228496e-19,1.836879610493305e-19,1.6512395612905846e-17,2.4102377382777077e-19,1.320505657862871e-19,9.140082317993788e-19,4.592556475445996e-19,7.201448168313551e-20,1.2548578020653543e-17,1.0500478002382954e-17,9.148895763878136e-19,4.337459391858486e-20,1.8514918656415367e-18
37,5.115146152743243e-21,8.5100718690674e-20,2.0895163084951908e-20,3.568729041688365e-20,1.0054714763773528e-20,2.0285449049186264e-21,3.723323595068572e-21,1.1945542851971748e-20,5.3783992044846814e-21,1.5881726577748314e-21,1.5800306897452862e-19,3.427977565095207e-21,3.368050758970795e-20,0.6896612813461491,1.6749187927918232e-21,0.31033871865384843,1.1634732175079677e-19,1.1205822648447106e-21,2.083888382684849e-21,2.9531367732944404e-21,6.262942713757296e-20,1.974125579107976e-20,3.487620231659936e-20,2.390146865597817e-20,4.233018772059936e-21,9.25112034296869e-21,4.215883111533644e-21,2.2842142690144403e-15,3.600468883469656e-21,2.34793647179729e-20,6.2653868142716505e-21,1.6221677499486008e-20,2.7947866489931602e-21,2.2714837523140478e-21,1.577097875377191e-20,3.9631267880074804e-20,4.016227658267729e-20,1.1579002163044408e-20,1.8438354903757138e-20,4.19958892611211e-18,1.5621904828971754e-20,8.480305358760225e-21,8.936065190056247e-20,8.971312609886392e-21,6.033669914621493e-21,2.1667746160621827e-19,2.088058852570516e-19,6.353602814330727e-20,4.4305411787295925e-21,8.384789462684396e-20
38,8.789356005308792e-21,1.1806659536629092e-19,2.717649670006533e-20,1.214447068646065e-19,1.0519197343948225e-20,2.8724276375570577e-21,6.601853604084513e-21,2.1838258352009392e-20,9.657803348765298e-21,4.7203117479453834e-21,9.654555759002847e-20,6.04415280848962e-21,4.3775420824757734e-20,1.9874229154379854e-19,2.8483724875305615e-21,2.055734811710044e-19,1.544540926624895e-19,2.457472128862795e-21,3.526666595222683e-21,4.814249524149321e-21,1.8178064837112022e-19,1.8905543024911707e-20,5.60192941818942e-20,2.2172874522393022e-20,7.676505739513207e-21,1.1839122577115479e-20,5.7018030182034026e-21,0.9910435855994932,3.1860921683570422e-21,3.727251446961805e-20,6.2396850754199065e-21,2.5250790795232538e-20,3.944964658289795e-21,3.626093807097189e-21,2.106087186472372e-20,6.711486905813585e-20,3.413382945878367e-20,1.5790541488747144e-20,2.6087631797304082e-20,0.008956414400506733,2.7989176398292336e-20,1.1223387491902745e-20,1.2061273721767573e-19,1.0153853883625645e-20,1.0462450339420807e-20,2.9715718180844512e-19,1.8457875741895212e-19,7.80265449236657e-20,6.400049371210531e-21,7.131787556750172e-20
39,2.8033377056332806e-21,6.0021572776105816e-18,4.2399757107140726e-21,3.6220376647493684e-20,2.641740791857918e-21,1.2801221621533765e-21,1.890250451865005e-21,4.272055430847858e-21,5.539494944257047e-21,1.2751114345143598e-21,2.7585252379679633e-20,1.6679994391721508e-21,1.0657706446303747e-20,4.711866697707301e-20,1.1947020005284268e-21,5.044255297533156e-20,3.30750971358153e-20,4.985013594026473e-22,9.71580730856228e-22,1.2639349557321687e-21,1.7072063664809793e-19,4.099314954769417e-21,9.969640635410784e-21,4.0932331384848574e-21,1.2987798791243302e-21,4.098265641400781e-21,1.0669257775797225e-21,0.9676248724095333,1.174594261487214e-21,6.610139853652672e-21,1.992026625722001e-21,5.602007078098867e-21,1.719622135526458e-21,9.093703132265293e-22,9.043609232824325e-21,3.618896166252486e-20,6.4491680400685246e-21,7.86727324586903e-21,3.995167722942119e-21,0.03237512759046662,6.259842408940736e-21,2.7434331413540585e-21,7.319398894116954e-20,2.9614592266602357e-21,3.597470390212217e-21,9.797972244756385e-19,2.348549167003428e-19,3.6095629403576e-20,1.1073943088189712e-21,2.6067393590717425e-20
40,5.147154117721661e-20,4.493148945090625e-19,8.570111218551793e-19,5.002934633228655e-18,9.380022821617315e-20,2.3820183852032538e-20,4.1713250183210016e-20,2.2362432244405844e-19,1.0114295568891158e-19,4.471030575157991e-19,5.553664302550657e-19,6.427303642171317e-20,1.0982149267588433e-18,2.1011679453269525e-18,1.6560280877619097e-20,1.4708527053531184e-18,2.663264703210729e-18,9.365911355606505e-20,3.650634611598061e-20,4.5993739422548734e-20,1.0268808148824362e-17,4.937598185345402e-19,1.1073837947642135e-18,2.0794723122852456e-19,5.824164489539019e-20,7.828489640060282e-20,1.1575920649191398e-19,0.9694718813475236,1.7006029694716216e-20,3.3442516762733367e-19,3.077615164711713e-20,1.374714899327129e-19,2.3448249458616845e-20,2.9395489587984284e-20,6.405980709969479e-19,3.98749634434882e-19,6.498687382344307e-19,8.856015322377682e-20,1.3104603707728118e-18,0.030528118652476267,3.8324696394775945e-19,6.538193972815039e-20,7.401613852873407e-19,5.785384842558252e-20,8.650848068881534e-20,1.3350098703212178e-16,7.890943828739099e-18,5.367585403814622e-19,8.864656468606998e-20,6.424549692158482e-19
41,8.827043283902427e-19,6.6661114843842704e-18,3.2151200592442145e-18,2.174643963108842e-17,9.302257166782561e-19,1.0863314300703013e-17,6.673121068089273e-19,1.4853623657263697e-18,8.038669110562283e-19,0.004539636415973268,1.0864658689485345e-17,2.868818068286153e-19,3.78520550255769e-18,3.962745984598906e-17,1.5668008940526827e-19,3.334439178480186e-17,1.4524267511260705e-17,5.061624280420311e-19,1.9203969351790293e-19,5.7432783476631875e-18,5.523969649473976e-17,2.7924314944757225e-18,4.753483185848486e-18,1.3102122650736046e-18,4.142456882842989e-19,5.986806784840373e-19,4.832716848488368e-19,0.9462391640434662,1.7432130080341812e-19,2.701323531206023e-18,2.2442478661181934e-18,1.2507178184595788e-18,2.7630035866061155e-19,4.376954405263078e-19,3.692215239900076e-18,2.561550065833497e-18,2.0871018937065825e-18,8.488167903106468e-19,1.9594624946123162e-18,0.04922119954056047,3.0880285811078044e-18,2.4318904705756925e-18,5.863226237868392e-18,9.78151930546897e-19,5.37254011229693e-19,7.671530587179828e-17,2.913138786113101e-17,1.3111448828370422e-17,4.210665344202468e-19,6.8100432788094684e-18
42,1.7441077544435896e-20,1.1113886418323294e-19,6.032219355871397e-20,3.538299829311483e-19,1.9997707253878235e-20,6.570097048592741e-21,1.4134937210308027e-20,3.4841882783265206e-20,2.479090977185953e-20,0.012215617211669801,1.7357850181053466e-19,5.660551656767944e-21,1.2372838603128111e-19,7.990511741496996e-19,3.659966303072646e-21,4.0666766453235524e-19,3.560413570385299e-19,4.651175285629399e-21,5.0302852724567686e-21,2.2111237369324385e-20,6.179304053347338e-19,3.6088052723727344e-20,9.320502100086137e-20,1.906176183585885e-20,1.2146443625015606e-20,2.1911854892259122e-20,1.2644811290636357e-20,0.9743613258707584,3.692582075053877e-21,1.113950786414076e-19,6.78026784253225e-21,3.612217139775059e-20,9.550864805778853e-21,1.206349691112349e-20,1.5649937758999635e-19,8.010079049094162e-20,7.09151851386372e-20,2.76120575860753e-20,1.1905423589762833e-19,0.013423056917571684,1.0091189887390135e-19,2.1862833565559184e-20,2.0234954789663906e-19,1.4642338556285463e-20,2.1528586095273892e-20,2.4913053580781627e-18,5.160608785689701e-19,1.6350079203533896e-19,1.5993908667953954e-20,2.233133319395605e-19
43,3.029961201081405e-21,1.9019735368429083e-20,1.1402775541236485e-20,1.5070000174208033e-19,2.6110650493392205e-21,1.3150718023988212e-21,2.5505569784470198e-21,7.311692549023857e-21,3.866102399919381e-21,0.010494834171298154,3.040793449346029e-20,1.2256715578015496e-21,3.0650268037610783e-20,1.187416624334284e-19,7.5326023666373e-22,7.175070226781761e-20,9.245164777511785e-20,1.0257435536990254e-21,8.820687852080246e-22,4.1566764118678855e-21,7.297062589297565e-20,6.3620344140074316e-21,1.6312867021063434e-20,3.802523859947825e-21,2.4872314732406814e-21,2.969475359502626e-21,1.8969940795299017e-21,0.9895051658287017,5.570186058217364e-22,1.5980956443267334e-20,9.814354597662506e-22,7.348681912234187e-21,1.3920619910531736e-21,2.020443299324615e-21,5.838356623818984e-20,1.3621388587023863e-20,1.540886952637709e-20,6.94615561559861e-21,6.170655924729131e-20,8.105871649000506e-17,1.7286362878300082e-20,3.45302690562448e-21,3.376250638951872e-20,2.2034448856963163e-21,3.1668524284381065e-21,2.4155859974339824e-19,6.882333668388704e-20,3.076471953595543e-20,3.0760451784305456e-21,3.171243343754026e-20
44,4.411792452151364e-18,5.567115632574399e-16,3.78437032797725e-18,1.1357705715923556e-17,6.733030164825307e-19,4.9485762856067425e-19,9.399461650164993e-18,1.1896530987442952e-18,1.0213832041973562e-18,0.01055678759625636,5.4728566559925286e-18,1.6426220071009927e-19,3.415128922377666e-18,1.8991038044002757e-17,1.0094663257883389e-19,2.0911843461519442e-17,1.1289534652589683e-17,1.2635543685876114e-19,2.0764520222866618e-19,7.660950506683163e-19,9.398528295454434e-18,9.602080452363435e-19,2.9450312177214502e-18,5.254814846695768e-19,3.303986739107924e-19,9.211089822482735e-19,5.245681110606036e-19,0.989443212403743,1.6374516104349456e-19,3.917025631586931e-18,1.799606147476403e-18,3.3506940798943488e-18,2.192613420394294e-17,4.41723341146891e-19,4.438128901810845e-18,6.359012602797895e-18,3.125587597637814e-18,6.950742296316273e-18,1.4688752182296656e-17,5.168703623848156e-18,3.8610156143888055e-18,6.537065110320005e-19,7.153991580426524e-18,8.4016327635135215e-19,6.25583719486709e-19,4.1700327217268974e-17,1.9143307035919305e-17,8.244140421686712e-18,4.931244941446322e-19,1.4033692310025914e-17
45,4.7908973223175815e-21,3.0414830171208656e-20,1.0916345320221252e-20,1.437321529054605e-19,1.251792771697735e-20,5.4696243140795e-18,5.0975217798786485e-21,1.3032226935067819e-20,7.494196337563523e-21,0.01162308708694621,9.513513955101157e-20,1.2356723965910324e-21,4.573626552238811e-20,2.8885622045795503e-19,6.869304597623645e-22,8.471611073227219e-20,9.134488982810226e-20,2.106081076150793e-21,1.1252385102635342e-21,5.502731206872208e-21,2.5506139348917136e-19,2.059029434122716e-20,6.431868452882242e-20,5.564852075252117e-21,2.8468440429056814e-21,1.0601319265588148e-20,3.837831277920813e-21,0.9883769129130537,1.056524102550156e-21,4.2462088003167794e-20,1.1352486617484083e-19,1.158047760299811e-20,7.952365954308377e-21,3.641011948324366e-21,1.7266354559236815e-20,3.3883836509821645e-20,1.5598877429589076e-20,4.5084739534982154e-20,2.6007133633523615e-20,4.52414481057318e-20,2.1763404462764204e-20,4.3303840666981896e-21,1.3147065888204843e-19,4.459529858978564e-21,8.068912088215922e-21,3.160659145606063e-18,2.5628871298142194e-19,6.318313599960286e-20,4.048273944553393e-21,1.2545000955877273e-19
46,2.1056402008845518e-20,2.9886378302444233e-19,7.986620213134533e-20,1.0541366961689827e-18,3.7431696194691466e-20,4.829238546306351e-20,2.3929835559247008e-20,1.3581602212085455e-19,3.9479636961137815e-20,0.01258517436813946,5.516345839781875e-19,9.121074690370326e-21,2.7329797876946223e-19,1.4046794311941626e-18,7.079192845097021e-21,6.806975278803535e-19,9.177497355872433e-19,9.966728185890068e-21,9.463226074449062e-21,4.398172197870391e-20,2.5245607407496818e-18,9.13430941743734e-20,3.788153378431314e-19,4.1513319886483974e-20,2.186106287160197e-20,4.0989708567240935e-20,1.984643847127135e-20,0.9818641535071161,5.225768121687374e-21,1.6620117714688808e-19,2.6964524248737645e-20,4.8927751541078254e-20,2.186219426714882e-20,2.4695821270095376e-20,8.858025205613926e-20,1.9278623563012753e-19,1.014830909672878e-19,7.419783346864545e-20,1.284777923157361e-19,0.005550672124744463,1.1915644411236725e-19,8.167459896898793e-20,6.50964608738125e-19,2.0646824741586803e-20,3.6525821992346695e-20,3.4830767987711e-18,1.1134196329810139e-18,4.558562471747939e-19,2.771847499965328e-20,4.52483587947993e-19
47,1.4373134131378237e-17,1.4605596526871382e-16,1.3445938221783871e-17,0.0018606468177799055,1.8490983178036623e-18,7.041982407982298e-18,4.89529160968776e-18,1.858221490604031e-18,2.7734637311219418e-18,0.011694991458968153,1.039769129798449e-17,3.492918455174888e-19,5.170739004480671e-18,3.1389228244110965e-16,1.3142508730263896e-19,1.8572123911658007e-17,5.450402400953726e-16,3.212597436458746e-19,1.3785061064864812e-18,9.032615557458754e-19,2.8993955577992505e-16,3.641912390521101e-18,6.106505411209125e-18,1.4550203697982574e-18,1.1461295166664531e-18,2.1444212140839414e-18,1.6980164204958772e-18,0.9465591131171877,4.2722035629363446e-19,7.812849573912767e-17,2.1601388873561982e-18,5.661703677364956e-18,5.707973211635763e-18,1.0192254389086677e-18,1.0608201355399159e-17,3.2361312447325836e-17,7.0243327624241e-17,2.0275826909147826e-18,1.7902998568942076e-17,0.0398852486060622,2.0431045815883634e-17,5.0678781324591204e-18,2.1178650810789577e-17,2.082298371079718e-18,4.75734268207652e-18,4.683497950701903e-16,1.310236865839949e-16,4.339881313324604e-17,2.955377213436212e-18,4.937319326803159e-17
48,2.1672011194073793e-19,4.966784393332245e-18,1.1736120102391726e-19,0.023288467271860937,6.063706892896229e-20,1.428736431579984e-19,7.018257014252145e-20,1.5018542676520047e-18,8.692476422045718e-20,0.008086136401039092,8.79182921977278e-18,2.046631382979341e-20,2.968849401277792e-18,9.937699141455662e-18,4.731572398472434e-20,1.1535257046564348e-18,1.896516191357044e-17,3.699837634594534e-20,2.4875595532471612e-20,6.21944442665879e-20,3.4835873426644466e-17,8.00851925191535e-19,7.490144704738154e-18,1.3100990755828827e-19,4.7986383550628626e-20,7.64406797791171e-20,5.570832320982718e-20,0.9435029447393734,6.09815425852403e-20,6.491507640496099e-19,0.0008704639565446707,1.0711946218237434e-19,2.003786804657699e-19,3.715186261022958e-20,2.395114193758934e-19,7.764887305005274e-19,1.991772663203885e-18,2.218755699119685e-19,8.554156170831357e-19,0.02425198763118165,2.280498161557287e-18,3.88791060178095e-19,4.8906083767608904e-18,4.7158192831629215e-20,1.1794476515769832e-19,1.4416270177036738e-16,1.6795953487934422e-18,7.909317475364417e-19,1.2089710060258086e-19,1.9166316620415805e-18
49,4.843649720465155e-18,7.616004424903226e-18,4.073007825287374e-19,7.676343312063085e-15,1.7518277052130826e-19,7.111079614602117e-20,1.1502079187090367e-19,2.4985274709305904e-19,1.8992230671646075e-19,0.0023948927656066614,6.744358067519755e-19,7.870156815586532e-20,2.798905300171622e-19,1.8561172745665228e-17,6.495581365976206e-20,5.9882538272399156e-18,7.271722311617905e-17,2.1157678694954283e-20,7.579840185850497e-20,1.6113156799915672e-19,1.1038068343013204e-18,3.048897137387298e-19,2.7160041756569947e-19,2.481310265417301e-19,4.624314040907614e-19,2.4135073628780225e-19,9.780610134056512e-20,0.9286502752528797,2.641908676436562e-20,6.232670736937091e-19,0.0023915202565085295,2.214965477338171e-19,7.076257024296844e-20,1.6705290893946392e-19,2.7544300194097136e-18,9.799203612192684e-19,9.056259047456476e-19,1.0013225738804965e-18,2.3112317430873112e-19,0.0665633117249975,5.150647129468125e-19,6.773495188404964e-20,7.482918625847704e-19,9.677720023845423e-20,1.5903279585586613e-19,1.077861025974831e-17,3.372251418065163e-17,1.325879574518917e-17,1.1547841518308735e-19,2.060169199673769e-18
50,0.0037532292331990628,1.1135742624587735e-19,2.6603298958642772e-20,5.440747833773282e-19,1.7310204227314705e-20,3.532591885480133e-21,5.0303224656598585e-21,4.5312714215448497e-20,9.221374168379724e-21,8.253011570649332e-21,7.922243293142869e-20,4.464238906838018e-21,4.774160911424224e-20,3.565092724277946e-19,1.4299612541921053e-20,3.82391858098061e-19,1.8588696251919713e-19,1.5189932729421861e-21,2.246800268239873e-21,6.5611008903468744e-21,4.698304225517904e-19,7.506701542468613e-20,1.108055174894727e-19,1.1580691840792973e-20,9.298400120790366e-21,1.1015509018719786e-20,4.152812327381542e-21,0.9103636860032556,1.0223714459139156e-21,2.5951457664501278e-20,0.009712386463911057,1.1667361368608806e-20,4.412289435207615e-21,4.3258522539625355e-21,1.867329831273564e-20,4.004173593481991e-20,2.263277057897469e-20,2.438982845240293e-20,1.0273068695748886e-20,0.0761706982996342,1.660579238213303e-20,2.8633410009227173e-21,1.1156281476875826e-19,5.990592556970229e-21,5.8376743370586336e-21,2.1131557765777562e-16,2.4944895116963294e-19,5.499631186630763e-19,4.050471550502438e-21,1.0797381809384662e-19
51,0.0012531535017504761,1.4733684084135874e-18,3.2375698118294705e-19,0.03802198069003377,2.0880192815952928e-19,3.96687175664382e-20,5.801308232757924e-20,5.386742558976718e-19,1.080573183006778e-19,9.177268197657183e-20,8.700280601932464e-19,4.219271823365362e-20,5.515002230397574e-19,4.291571584748618e-18,1.1314865597246953e-19,3.4358564489863185e-18,1.7486431211691975e-18,1.6714891447595532e-20,2.6289653737179953e-20,6.8479212502227e-20,3.6247532559962924e-17,6.577648877636986e-19,1.237783863949045e-18,1.3488178120396133e-19,8.312614213761772e-20,1.1258920426775217e-19,4.67078805809017e-20,0.02294328414649717,1.1371338785021623e-20,2.9288934506873773e-19,0.002661867183142569,1.3705124417350755e-19,4.754118882263188e-20,3.623491818727867e-20,2.0804199892705167e-19,4.474687914535067e-19,2.4575491291714464e-19,2.617885918066729e-19,1.103187480040372e-19,0.04247792331244165,1.835100632146987e-19,3.461756025333704e-20,1.2974532616323294e-18,6.940521823199171e-20,6.489070619685039e-20,0.8926417911661343,2.1802129908473985e-18,2.8744120076452907e-18,4.891733213143396e-20,9.957558232649652e-19
52,0.003450899221672509,1.236910802600975e-17,2.4920056375702455e-18,1.2732158361619307e-17,1.7660562573914314e-18,3.17299568015161e-19,4.440953416832541e-19,3.56679651652114e-18,1.3004162920624675e-18,5.825340453586053e-19,9.154906342038396e-18,7.5086173007134185e-19,7.46186080445037e-18,1.4214621549664789e-16,5.404942108303417e-18,2.7537898189539606e-17,2.5668899181297945e-17,1.2886872389318439e-19,2.8170343388732724e-19,8.338872649170655e-19,0.20488714213895173,3.465205573917267e-18,7.956868412693086e-18,1.3478961511808414e-18,1.1097899265902323e-18,1.2340193842597973e-18,4.350105201750409e-19,8.54657676690122e-16,1.1540071069936594e-19,3.250184681616978e-18,3.0030214243779894e-16,1.2597525266530461e-18,4.462236150657315e-19,4.544376923126087e-19,2.0058163525701523e-18,5.004968761887658e-18,2.87218770016434e-18,2.963696071379874e-18,1.2583599130165566e-18,0.029189699376374233,2.0634777512305143e-18,3.8810549255811053e-19,1.3318600606528874e-17,7.0779953414510545e-19,6.798519467781207e-19,0.7624722592630001,2.2549526528830326e-17,2.1926794343641578e-17,5.149084116281959e-19,9.943919413791215e-18
53,0.008287039705932052,8.501420907675225e-19,1.8750350382424975e-19,2.4228752397343217e-18,1.2248834145743174e-19,1.8564663739888193e-20,3.099644512180053e-20,1.9138006011297843e-19,9.150020941410578e-20,2.943849294616422e-20,4.200055346778677e-19,3.25868152252761e-20,3.071876534760028e-19,3.2628940504294175e-18,3.7884122044872e-20,1.7306517202438352e-18,1.305492315217794e-18,7.147246738344379e-21,1.9633772645149283e-20,4.656493517734892e-20,6.406887497582769e-17,2.180210108053098e-19,4.695976140063286e-19,9.091552389070872e-20,3.8731328919133e-20,7.722697015136514e-20,2.903059529268368e-20,0.01851181671788654,6.918983452053059e-21,1.9328528602560368e-19,1.8761154985098917e-19,9.813671455137063e-20,3.2394649517287037e-20,1.966108143048375e-20,8.417178757666052e-20,3.950045405357748e-19,2.7587223860441064e-19,2.0516374497844518e-18,8.211587980081904e-20,0.011330418978439573,1.0789224574947152e-19,2.6708201948425677e-20,7.772376945997954e-19,4.6320364906978694e-20,3.7096417273011913e-20,0.9122158649086377,2.3353237252462186e-18,0.04965485968910407,1.0554612006922661e-19,8.805591727295463e-19
54,0.005933580548852506,5.121485020521888e-21,1.5657015908780957e-21,1.3965108554965676e-20,8.1307299329068965e-22,1.7372640102379073e-22,2.672647923216644e-22,1.607543887080118e-21,9.658637342727575e-22,4.916297921721449e-22,3.6086121282136704e-21,2.0013616166200873e-22,2.7803420409218145e-21,7.942697685877435e-21,1.3436552985588953e-22,2.752847737289216e-20,1.380532609858912e-20,6.082130461055882e-23,2.2990167588306645e-22,4.812003480889439e-22,0.14063247282333743,1.580400744650784e-21,3.399865756625583e-21,1.370786810438974e-21,2.7387586430371163e-22,6.906595737360971e-22,2.891350335856862e-22,2.3013564631303207e-20,6.90869532126529e-23,1.6449010318001221e-21,1.265026175842853e-21,1.2383143292211777e-21,2.1573989826386586e-22,1.6094882783413977e-22,5.202295663481042e-22,4.108723859889603e-21,2.197329687728512e-21,2.4277870983874965e-17,7.317091480646193e-22,3.1966900254321545e-18,8.934110431763802e-22,3.032764208717402e-22,5.79396552883107e-21,3.9049282965373285e-22,3.221321596480392e-22,0.7958329395862019,5.687765808205008e-20,0.0576010070416081,1.3566715599107866e-21,1.4780721646891794e-20
55,0.0014592896605447009,2.784960592152358e-20,6.516376532426798e-21,9.39144601499349e-20,2.358270503885334e-21,9.202476831801257e-22,1.3670559614099538e-21,1.066683116888567e-20,5.936482840788673e-20,2.290710717974276e-19,2.6763143428189446e-20,1.9361502167213338e-21,2.8119328470938613e-19,6.823329869026628e-20,4.582355136373827e-22,2.1396352324384053e-19,1.9897262469862123e-19,2.426723583045054e-22,5.713094971695018e-22,1.893779522047824e-21,1.6109743746691363e-18,5.3512401334188125e-21,1.3302378928002433e-20,6.453641514786717e-21,9.249592921794895e-22,3.880084957601842e-21,1.6603063330546724e-21,7.76835465840514e-18,3.552544466481026e-22,6.341997007249979e-21,5.01113623082858e-21,1.1583806670387551e-20,9.293722164851903e-22,1.3272699987710208e-21,3.480587220125693e-21,3.8246376888042984e-20,3.2673744221060703e-21,1.9148710381246132e-20,2.528613737121846e-21,4.212638103724027e-21,6.176534327403859e-21,1.2917635036220305e-21,8.448934539237332e-20,2.799450266178972e-21,1.4584637745310972e-21,0.9985407103394552,9.544009304310289e-20,5.201449714962333e-20,1.422037519307747e-21,2.2787217932181215e-20
56,7.196739757100726e-20,8.282490813576251e-20,1.7158624802748377e-20,2.2653981438655476e-19,7.319662351634999e-21,2.809187226226263e-21,4.3488302282170676e-21,2.165748956409227e-20,1.4102373728973583e-17,2.2570336227242765e-20,6.994489667044523e-20,2.880757555437219e-21,5.811159177051675e-20,1.6503100900938231e-19,1.2948928154577265e-21,4.799353340742439e-19,2.6116404885912612e-18,6.006446605810885e-22,1.233741750954948e-21,4.516631296230438e-21,4.290121294320706e-19,1.4065790022450126e-20,3.1517098836011705e-20,1.11048009153202e-20,2.428778173553107e-21,8.89035948488507e-21,4.522442868879845e-21,7.416697666256042e-17,1.0915830650290847e-21,1.641613231364192e-20,2.1620301078990972e-20,2.5601579408714176e-20,2.8693353284247848e-21,3.452001500022642e-21,1.035235122882715e-20,2.3529549082243474e-20,5.500267308224091e-21,1.0500730364034841e-20,7.109790895159129e-21,1.1611978251650055e-20,1.6357875952311464e-20,2.6642631616825645e-21,7.071079388041447e-20,1.0819563971934024e-20,4.9295404486093806e-21,0.9999999999999999,1.1504105201534193e-19,8.094440643743197e-20,2.230720079225891e-21,3.80502595614694e-20
57,1.132105468954252e-21,9.660499869253214e-21,3.4089432341161445e-21,4.257013869812117e-20,1.4869372354099293e-21,5.4647095333797845e-22,7.882592027928317e-22,3.946788647877702e-21,0.0065101662863629025,2.1525662818491152e-19,1.2797062246698794e-20,4.2026557781139655e-22,1.8858340938442514e-20,3.059910185612749e-20,2.0960569213590464e-22,7.479637908239982e-19,3.0630797526183216e-18,1.519245786381673e-22,3.133265964949197e-22,1.0458899714511968e-21,1.1723860067164924e-19,4.364131361675548e-21,1.302764069056646e-20,1.1111802847927383e-20,7.069907284236796e-22,2.046665468756954e-21,9.09850115930642e-22,0.05772377523050477,1.8824537074977152e-22,3.4353815242742646e-21,3.3004458185767666e-21,2.114982407917097e-20,6.045755663250952e-22,6.307461703834635e-22,1.20604646820198e-21,7.060232109672846e-21,2.514705496390879e-21,5.300310791737036e-21,1.699747839719519e-21,5.178217767475785e-21,3.385927997979752e-21,6.459342953901584e-22,1.4980279363439815e-20,1.1488556155728729e-20,7.910044697605732e-22,0.9357660584831323,2.4014587626482644e-19,2.4886216458495692e-20,1.4269648932532834e-21,2.947582254856691e-20
58,7.741092048334152e-20,8.236838655091642e-19,3.469725800103104e-19,1.1358852578593375e-17,1.4344726508963725e-19,5.4044700101645537e-20,6.996600430274886e-20,5.340719845872947e-19,0.01169778292700509,6.755317256446024e-19,9.061497340209357e-19,3.2784511400147365e-20,8.587605363576522e-19,3.93073367123301e-18,1.7515462965101892e-20,2.6724092714229845e-15,1.5411504026836206e-16,1.3560367719153628e-20,2.684185507864953e-20,1.221550231717539e-19,0.11387911942130922,3.9321147837650337e-19,1.1834705696256039e-18,1.3683114947760044e-18,6.677865161916374e-20,1.7323712987138218e-19,9.191357200182236e-20,0.1754359987700715,1.818778464543118e-20,3.54039541012356e-19,1.518107904329077e-19,0.0062352173729398165,6.852553900959379e-20,4.5360055676013604e-20,1.2545390182854454e-19,8.229179736682991e-19,2.9946552119351745e-19,9.916130670830096e-19,1.799127310543428e-19,6.6975305212457e-19,3.0337202516882626e-19,5.967805740696856e-20,1.559794806189824e-18,2.505626177835658e-19,7.738454400981989e-20,0.6927518815086714,6.563913555430696e-17,3.61851661950918e-18,2.009166837016886e-19,3.0706153891654455e-18
59,1.1748840278571467e-20,1.619518182209957e-19,7.513641353611228e-20,1.710965544157803e-18,2.7697930071701067e-20,6.735403578973398e-21,1.1719918798129215e-20,7.82771545792386e-20,0.028280147911412232,0.0020564684509845835,1.476620150683169e-19,5.4096598505178324e-21,1.2857592451501817e-19,1.103616187894368e-17,2.3692760274771945e-21,0.18951399411166567,3.258451962809564e-17,2.1916849572117996e-21,4.196874023933619e-21,2.13756167844009e-20,0.5188333609725853,5.888122907389461e-20,1.3004829461328783e-19,9.343959889224361e-20,1.0915240717614346e-20,3.2910491980057143e-20,1.9472813108053975e-20,0.05152581012690073,3.2484435034296495e-21,5.543254730576826e-20,2.9392067446968554e-20,1.7377104340345215e-18,1.4466519439792933e-20,8.50692466582356e-21,2.6947489226468204e-20,2.481561594252986e-19,5.998041044301797e-20,2.9709001381763828e-19,3.5838669705019184e-20,1.06407077424079e-19,5.439536892962577e-20,9.321981103973313e-21,2.7158573408561455e-19,7.588884280753911e-20,1.378648687302221e-20,0.2097902184264513,1.683863209305809e-16,6.582910714130909e-19,3.887223676086085e-20,6.481390848569526e-19
60,3.9358583475618524e-23,5.801902808464057e-22,1.5692287059172808e-22,0.06009576867789755,1.0610514282823731e-22,6.132723797599229e-23,6.594542465730855e-23,2.600764555669036e-22,0.0181783510515458,0.001365282608244453,6.28105730098793e-22,1.6270239026949025e-23,7.91942957599002e-22,3.916538449174647e-21,9.921173490951787e-24,5.0491573143194856e-20,4.736029878169322e-21,9.972918793751314e-24,1.2221349603244226e-23,6.616038774204801e-23,0.25868252708670897,3.1678270450055023e-22,8.0597155467899405e-22,1.9772893017657983e-22,7.297696058574114e-23,9.933281174653758e-23,7.685688877197325e-23,1.664209287513929e-21,1.6937551379604503e-23,2.4690934546854643e-22,1.4265415216716252e-22,1.1354247765264967e-21,4.060338624605776e-23,5.790244236715456e-23,1.0499673796239925e-22,3.5051741540327446e-22,1.2637388112588132e-22,1.5710319578228672e-22,9.421289509740524e-23,1.7760927417646561e-22,3.71104865419539e-22,2.6511317458345814e-23,9.402123952908697e-22,4.457662374463863e-17,4.916731191206425e-23,0.6616780705756032,4.2992364213607306e-21,1.1410232091765093e-21,3.803588936617539e-23,1.1966763200771315e-21
61,1.5586707992892298e-21,1.9345877900394535e-20,4.90463719529398e-21,0.030947324731488195,4.158506359301051e-21,7.970293975283575e-21,1.5883564806267126e-21,1.069209908477465e-20,0.012948870511745812,2.6961088657535413e-21,2.0007547962125145e-20,5.983630671157668e-22,3.47696806101198e-20,5.768151543789592e-20,4.686128327477272e-22,0.04722960265600418,5.405868814888474e-20,4.14944888218503e-22,3.9075503929609244e-22,2.6501579597211248e-21,1.405501528042886e-19,2.5373097226624187e-20,0.009356507250974743,8.050236873059666e-21,0.00016266728180968352,3.083413760554666e-21,2.7931958033316397e-21,1.0000197108511567e-19,7.795892043664633e-22,1.0334534340712121e-20,3.872139428773005e-21,4.486816461525727e-20,1.757847138336887e-21,2.2881204742877093e-21,3.9740733847434064e-21,9.476230849195637e-21,4.1048418242477465e-21,3.615073658326863e-21,3.199550038307642e-21,6.428169007541309e-21,1.682662925240103e-20,8.864355020858558e-22,3.5397434582251404e-20,3.4157247990053235e-05,1.7899844478345912e-21,0.8993208703199874,6.583224718660636e-20,2.7145373585615916e-20,1.0411681678916709e-21,2.7096869174782192e-20
62,8.5393003161476e-23,1.0133431132877104e-21,4.977009643645461e-22,0.08338501381040055,1.9394624458553112e-22,1.102013851321873e-22,7.77967010914848e-23,8.440208237742395e-22,0.014380339814103388,1.093426642481077e-22,7.355990590436162e-22,3.5582452351431114e-23,8.439347635496428e-22,1.9171528476043884e-21,2.6606807848920955e-23,0.1919874810174014,3.1788506513689682e-21,2.9770767322428525e-23,3.391798151322657e-23,2.841189787366909e-22,4.495494159510155e-21,2.7674930354757325e-21,0.005043144774066758,5.789234441402367e-22,0.004423440996193636,2.0529708764853264e-22,1.3108222815772435e-22,4.149851867370418e-21,3.02640329598345e-23,4.609884045153003e-22,1.6490632926185248e-22,2.641797815066197e-21,2.524326585785595e-22,6.845852144477193e-23,4.0331474348248787e-22,1.4702709019292276e-21,6.40613385611115e-22,6.157625075396241e-22,3.046704653193767e-22,2.799816913431952e-21,6.5131431275188e-22,5.53450284407234e-23,2.4621662009528916e-21,0.0005342041252122694,1.2446689292099868e-22,0.5179385786174207,0.1823077968452013,3.1779403907189012e-21,1.0412724387707932e-22,4.1705143863837656e-21
63,3.16070034041646e-21,1.5633973378605727e-20,3.2117160025451895e-21,2.2118690146732235e-20,1.823300886857739e-21,1.0620825141970508e-21,2.8914815861762065e-21,1.5403560090819248e-19,0.0033131363919316737,2.0336933395869904e-21,0.00706979040295341,3.4603671633107064e-22,0.000787962343911761,1.0102853757829014e-19,1.2627490012132102e-21,1.876197031401656e-19,6.165410097549476e-20,9.17095318852257e-22,2.618079468096596e-22,8.416349747478958e-22,5.3552866673060157e-20,0.007684386171520292,5.728370303140202e-16,2.854172329547441e-21,2.8026251336427097e-21,1.7159158566358553e-21,7.606379161999374e-22,4.6062072269896383e-20,3.9036956292763026e-22,1.9969902161116135e-20,2.01322729886384e-21,9.756695397407334e-21,1.4086973949163667e-21,8.783235523696722e-22,2.188097177045189e-21,6.521237460864933e-21,2.785930206751734e-21,2.178872950950673e-21,2.3028903688113e-21,6.158909675442946e-21,1.3344055715206024e-20,5.150478956498497e-22,1.9957556737253083e-20,2.325296385267092e-21,1.0887097166014343e-21,0.9811447246896823,4.44457153085162e-20,2.263075420460525e-20,7.351535562501162e-22,1.9204604626724725e-20
64,3.9161263349315187e-19,1.1457547805053868e-18,3.6832209062585423e-19,6.485162350986175e-19,2.302748153380097e-19,1.2090240169151258e-19,1.478867412735381e-17,0.028946440007476867,4.012893716042244e-19,1.5074407733244254e-19,0.010189830960845435,3.254556406816792e-20,0.007840957537171865,1.1811693871655712e-18,1.9212088776098276e-19,1.376605172286858e-16,5.582944506492485e-18,8.219331048324799e-20,3.1665874773136225e-20,7.904308101333494e-20,4.8104529346647046e-18,9.969330301415146e-19,1.62550712203382e-18,2.0464871784843955e-19,4.988568350073106e-20,2.674538337697369e-19,1.0207080520974953e-19,4.238007432119721e-18,3.0993032718411427e-20,4.7141044159499215e-18,2.0591537581556898e-19,1.0850806565966506e-18,8.961978334572556e-20,1.1888791982556378e-19,2.265653057572266e-19,8.841076111815702e-19,2.633271664471486e-19,2.1559340586569688e-19,2.1107499974551152e-19,4.901066691748111e-19,7.13564689773934e-19,6.304485123693355e-20,1.6194703164550894e-18,4.97591550063212e-20,1.4899419153497734e-19,0.9530227714945056,4.276952830736662e-18,3.880080061073055e-18,5.710447032560412e-20,1.7881272536946296e-18
65,4.2002200229251075e-21,1.5971867638977874e-20,9.47247246292627e-21,7.443918054641392e-21,3.027663743632209e-21,8.942437816204297e-22,0.0015052361604744834,0.013526589211294453,6.4177295514918554e-21,2.504831463659212e-21,0.02534418543104123,4.869978781455287e-22,0.014330720176929079,4.911059090208316e-20,1.1018208878131541e-21,2.7043468288060347e-19,9.248297640280145e-20,1.1141297879322135e-21,5.465261314061676e-22,1.3136285952936015e-21,0.17593110287912656,1.3999563231280124e-20,2.48624690229851e-20,4.4777569429469355e-21,9.765964538643475e-22,5.633535127036018e-21,1.9907523460755932e-21,1.1691235719717755e-14,4.1963939981629355e-22,6.153645326773517e-20,2.797383114720061e-21,2.9603707245038507e-20,3.0894141996591238e-21,1.8815133434074926e-21,3.2571153247639236e-21,3.6817484837913053e-20,6.585998117221265e-21,5.0593808536487464e-21,6.351403845602336e-21,1.7192691837201174e-20,7.09969085807347e-21,2.0495013604614992e-21,2.2860368271894444e-20,3.675217087293158e-21,7.105671022148768e-21,0.7693621661411225,9.274622602596166e-20,1.483580136071308e-19,2.0167173955640857e-21,4.4712547736681525e-20
66,1.3933413939918682e-19,2.526763123666674e-19,7.266217241776001e-20,5.800414912443733e-20,3.629117156657472e-20,1.7229851029865173e-20,0.001656616642097857,4.0081664106087006e-18,1.4721111122600065e-19,2.8178757625440934e-20,0.07499409654410154,4.309428171314025e-21,0.022723675482868518,2.5682739278590105e-19,2.1537927038978952e-20,0.040674558463873814,6.006795687435975e-19,3.068792988803712e-20,3.0943390662059263e-21,8.337330270296344e-21,1.2626957676399585e-15,3.8345264630973983e-19,7.488984472557241e-19,6.987713394450499e-20,1.2194941954425003e-20,7.119967494854847e-20,2.4463134538035722e-20,3.705983100394953e-16,4.272294150830592e-21,2.83352980844851e-18,3.58528593513137e-20,1.6284463332306054e-19,3.886769235973424e-20,3.284488528681107e-20,1.7201222354018813e-20,2.622575474844323e-19,4.6673194272466864e-20,2.1636981268324077e-20,1.0722839220204049e-19,2.18085509333805e-19,1.0360322165451677e-19,1.9998305676887788e-20,1.2936496697298149e-19,6.663195091788345e-20,1.7492935659595577e-19,0.8599510528670566,4.646396377470398e-19,8.836788435928197e-19,9.699482868464446e-21,1.9024518746899195e-19
67,3.055248823537225e-22,1.804868281766787e-21,5.066107947570605e-22,4.426509846865441e-22,2.0204018890833663e-22,2.3876909124676894e-22,0.0029410449219039398,1.5659066259936839e-21,9.292672783604715e-22,1.232804631792644e-22,0.08497072175529655,4.485481130287074e-23,3.896408156625004e-20,1.4998107857981077e-18,1.059104774165828e-22,2.978289614049579e-16,5.999563312920612e-21,4.7464411298817007e-23,5.23529943460305e-23,1.327135395227916e-22,1.8124718572896732e-20,2.568692378335603e-21,2.57548697993658e-21,4.884766777731178e-22,1.039887252344625e-22,5.044084356569689e-22,2.469732753200975e-22,1.7550897855548718e-20,3.534747588581285e-23,1.764396105997049e-21,2.489599853265254e-22,1.7605841469150013e-21,2.3078046571936724e-22,9.911992967147759e-23,2.7796681130624246e-22,6.672638672992443e-21,7.53710645667187e-22,6.126928582687592e-22,1.3405968234989783e-21,2.4906344480332563e-21,8.523806382863614e-22,2.7840481580064615e-22,3.984605076536317e-21,2.2596332370806474e-22,1.505631411031723e-21,0.9120882333227991,3.1097718815312904e-20,9.971837617498389e-21,3.2026087133879055e-22,4.4797825122063936e-20
68,2.0052018057582187e-19,1.915160265037172e-18,4.936235775130874e-19,4.406592054249322e-19,2.437237427979171e-19,8.955207233883244e-20,0.005794855187840723,1.8659434305006788e-18,2.2816133194476463e-18,1.553257003217687e-19,0.05323631125914581,5.419111185785557e-20,2.3777751040854275e-18,1.0429087880340518e-15,7.971466626053994e-20,4.666614229715672e-17,8.230440699310601e-18,4.2140198423032826e-18,5.733056606524503e-20,2.00882105788953e-19,3.820374330618277e-17,7.24122907113817e-18,4.8257314320202856e-18,6.115507736423589e-19,1.6297414421507098e-19,7.565958762438239e-19,3.390104896108457e-19,6.368202524177497e-18,4.577149788520297e-20,3.502532364856039e-18,3.5347357604554143e-19,0.0049721193238438125,2.3879448593758434e-19,1.0968807092758017e-19,3.5352881905352093e-19,3.0611609147408953e-18,7.796761491528584e-19,5.539971866939849e-19,8.550989160191933e-19,1.7384260432238895e-18,1.1987639007084063e-18,1.8560824579622807e-19,5.1152754139620754e-18,2.306612043825374e-19,8.789274942186176e-19,0.8834056346579081,5.558262265735962e-17,9.211570591921419e-18,3.693155478742804e-19,0.05259107957126035
69,1.6088166037321556e-20,1.1706923403574528e-19,4.966674106027817e-20,2.5988583068504786e-20,1.6128030414531636e-20,7.344390461877477e-21,0.01009272134650906,1.2745865175247374e-19,3.5260775432835624e-20,9.634166820669987e-21,7.556388728685168e-18,3.1350371784749663e-21,1.27471933308603e-19,1.0242526799518458e-18,4.484595719347088e-21,1.4258319527451197e-18,8.657585242156862e-19,9.443666374416811e-20,7.622532761232904e-21,1.499113607632896e-20,1.0012895206673024e-17,6.875868490164153e-19,5.149330670896634e-19,4.2786350951920746e-20,9.160185962002746e-21,5.608172411293425e-19,4.841941672265482e-20,1.9806250936299897e-15,3.462706959274697e-21,5.692069101628637e-19,1.9225978464544286e-20,0.015622490852626408,1.2217406667321849e-20,4.627108670748645e-21,2.1556056861191465e-20,1.6418735967954407e-19,5.2743114083298696e-20,3.4367757728572277e-20,4.55014821500005e-20,8.705138635080453e-20,6.855563384029971e-20,9.804343103932164e-21,2.968927818632226e-19,1.210066184265035e-20,4.0446092293697606e-20,0.898419132081484,1.9953415747248318e-18,7.404531042842795e-19,1.9093460955698448e-20,0.07586565571937859
70,3.184324093161275e-19,2.2516655507684836e-18,1.1042194392798078e-18,4.1476221170182215e-19,3.3593811045801896e-19,3.5798212311856005e-19,0.0034027028568579605,2.078178185685742e-18,6.007101816952162e-19,1.4945879173349555e-19,6.341699343979544e-16,5.451400013677649e-20,2.5501463265604864e-18,0.02175604163867085,9.260232062755837e-20,0.09733710501921876,1.460487415562889e-17,1.0773241300603255e-18,1.8017594302323232e-19,2.0152476934901588e-19,0.5493963603504899,3.839868445784862e-18,4.551291904924115e-18,5.602073898670988e-19,1.4571081581470772e-19,8.159847627165263e-18,1.2869097523557175e-18,1.6903413728212073e-15,8.485264419352312e-20,6.060031367323505e-18,2.938336443438184e-19,2.1334681443724473e-18,2.1689284295919656e-19,7.333533210994033e-20,4.035542909478399e-19,8.81255580169191e-18,5.716753335742749e-18,1.3099162885244002e-18,1.8250930911786565e-18,2.421486240855028e-18,1.6632966350783548e-18,2.757717943940016e-19,5.53636402267669e-18,2.2459466201039686e-19,1.800423678534889e-18,0.23251104182245505,8.985325379728874e-17,5.535049846446114e-16,1.0396406466746525e-18,0.09559674831230447
71,9.220361131554431e-20,1.0099825917787982e-18,2.5956050847376423e-19,1.5174360965182411e-19,1.2727075117409082e-19,7.820974842477216e-20,3.8441056262395284e-20,6.140967813650905e-19,3.4111408279906446e-19,4.1327036366284345e-20,4.2158071716767214e-19,1.574243312775254e-20,9.321134835130035e-19,3.1712115560270376e-18,4.580949740753336e-20,1.9689662897692298e-17,1.1289905095452363e-18,0.00030271357429647694,1.7145825047399067e-20,6.953607557282025e-20,0.09541116157325048,5.926912845163551e-18,3.722628124097146e-18,2.2238149000656705e-19,7.98367857121413e-20,0.012240063039067143,0.003687003064110528,2.225745654715735e-17,5.253752871833966e-20,9.277818058185973e-19,8.449163577088109e-20,0.004333038880695226,7.451033780555658e-20,2.696722513822037e-20,1.5111605461921387e-19,2.762420955564876e-19,9.384379607444936e-19,2.0776325600338537e-19,6.748613553109118e-19,4.655916797922229e-19,3.555370747557053e-19,2.6901579083797623e-20,2.6015035021965233e-18,6.118163112326818e-20,3.5191567337750386e-19,0.7851163594876183,2.0816328165198334e-18,7.72598215367109e-18,5.1147529784351185e-20,0.09890966038096176
72,1.457106218090563e-21,8.688619878653107e-21,6.189206163220433e-21,2.856892312143706e-21,1.717710571145735e-21,1.5316611053028944e-21,1.936468178542222e-21,6.6109413950709014e-21,5.5994454406879885e-21,8.085108795590835e-22,1.0399772009537734e-19,2.858014306736676e-22,9.064419046683554e-21,1.0817080476463813e-19,3.107230214148597e-22,1.0980248893054953e-18,5.4198935525148e-20,0.0005847927699858656,0.0002863044952579848,1.2566910989100607e-21,0.2053990826179304,0.0006516979407281592,1.603063407006101e-19,3.724368188845248e-21,1.5881405203228334e-21,0.0035816943407560313,0.004770918969635633,9.108562617441898e-17,1.0052868126056382e-21,2.535254930591259e-20,1.2837812047703959e-21,0.0019864317837614553,1.757303976894445e-21,4.482621244707277e-22,3.908415971433231e-21,2.057434823492399e-20,2.4430071703585672e-20,5.548842336223511e-21,1.0960838847897852e-20,9.81548121540154e-21,6.484336149412973e-21,1.1246097675244464e-21,1.369611418461994e-19,1.0986880426990328e-21,8.15873962393256e-21,0.7123758422373755,1.2667585031398897e-19,5.32810047766712e-20,3.156640958446885e-21,0.07036323484456879
73,2.442693441564236e-20,1.5444354700197254e-19,1.1737021794448979e-19,4.892695036926083e-20,3.637218736594003e-20,2.5469279083462008e-20,2.1521843657402674e-20,1.162113897111701e-19,1.0944579190065727e-19,1.4111279982604887e-20,1.0187660748635244e-18,4.8596643334782565e-21,1.578543793875861e-19,2.42157480818025e-18,5.242924483734255e-21,3.465863717237801e-18,9.470785369161572e-19,0.00056957645164462,8.41333708555406e-19,2.14344898769729e-20,0.08172498049500795,0.022369270814074672,4.110312051494433e-18,7.605525165771093e-20,2.6372892828358188e-20,4.521858569656322e-17,0.007420536226627371,0.10795985230853906,1.0866116222905712e-20,3.150206143615146e-19,2.4519993835880397e-20,2.6263826868574216e-19,3.536280169631402e-20,6.556449658604658e-21,6.586817188675142e-20,3.679250548738376e-19,1.157076161847043e-18,1.180795750362038e-19,1.7025558256759315e-19,1.7606071577528327e-19,1.4184153554481615e-19,1.674533210151588e-20,3.2638202192525774e-18,2.2295978765786317e-20,1.4709077997770906e-19,0.7435927526916357,3.6664874135383885e-18,1.2683137838752254e-18,7.06573395120522e-20,0.03636303101247053
74,1.0040344039280526e-21,1.0180545687868309e-20,2.2999303220610536e-20,4.110949759644462e-21,4.212062513171699e-21,1.9608672522471137e-21,1.4093175214363273e-21,1.2618842229627821e-20,4.694741975659928e-21,1.4164075886014816e-21,9.570853648366773e-20,4.8549520053031185e-22,8.895450138410127e-21,1.370611637274807e-19,4.733328020624166e-22,2.6862629339930173e-19,9.616023297641451e-20,0.0004928710897329192,0.0005125780499696474,2.4616547092980796e-21,5.172956863623927e-20,0.03843503791498698,1.2463520324843985e-19,5.755840371636259e-21,2.3929628148989493e-21,2.448643118285745e-17,0.011629832958585032,1.5859519539950734e-19,1.4526388828056963e-21,1.284706007045613e-19,3.0908485346732826e-21,6.673639711080992e-19,6.81853907007773e-21,4.529041617561314e-22,4.799993611466056e-21,2.6677616877538914e-20,0.007610135018977528,1.2513434036934873e-20,1.919684917775584e-20,2.330624219096579e-20,1.2115657328445515e-20,1.95070324378383e-21,4.9613618830265677e-20,1.8235512430029607e-21,1.6960638961226182e-20,0.9273029589135258,3.576709295745002e-19,3.516554969908222e-19,6.257922005270451e-21,0.014016586054222143
75,1.0450389473038625e-20,3.572772522373594e-20,5.832540041342358e-20,1.931164071610194e-20,1.5121097046765936e-20,1.3778642170694427e-20,6.7557580903304856e-21,2.858172897866426e-19,2.952785567460666e-20,8.307698712515566e-21,2.590957609980248e-19,2.889049294025941e-21,5.0234126022372905e-20,4.559474423306294e-19,1.8726694845520997e-21,4.600514126764577e-19,4.416376819590935e-19,0.00011241878011205814,0.000793209626528779,3.9047365754139795e-20,1.6939485538431492e-18,0.01621723117462195,3.4021646749247283e-19,3.892294256380547e-20,1.7774705924285493e-20,1.1923600318807806e-18,0.010764933819347188,1.0638138751713878e-18,5.3902595952193985e-21,1.690769362542514e-18,8.65344091521297e-21,1.1527013599437989e-17,9.568105398286969e-21,2.4550940435909565e-21,1.8769645051340075e-20,1.4171018043757729e-19,0.008115499075364685,2.0201398286729444e-20,9.064304872202534e-20,1.0192627109357031e-19,4.361793801617909e-20,4.72692395715174e-21,1.4231275777276195e-19,6.254349618045224e-21,2.1956443444589187e-20,0.9639967075240253,1.1594684572634597e-18,3.937069446233869e-19,3.519181382561576e-20,1.2344444979002127e-18
76,2.253767527248462e-22,1.0300758548916434e-21,1.0366201544008565e-21,1.263616551205146e-21,2.9182160058862774e-22,4.691560176893419e-22,1.523748525565273e-22,1.8860925394793348e-21,2.2201236112384954e-21,2.3127441314944303e-22,2.0974443646829486e-20,7.674029947466067e-23,3.87804992679946e-21,0.005217921067050714,1.1382280554465744e-22,1.0409600031158056e-20,4.065812554899732e-21,0.001802267834788744,0.00041214644515548746,1.9398872669194174e-22,1.5537537032812088e-20,0.02574241148668559,4.123198561670858e-20,9.500291505545725e-22,2.6317932677742076e-22,6.1505055801220396e-21,1.9967161790372035e-20,3.4006346820680585e-20,9.797885657423309e-23,2.2916743928610324e-21,2.7656240432307074e-22,1.2053229341386467e-21,4.0970189411278597e-22,6.892791723170599e-23,1.0084428743851439e-21,2.5452818437963988e-21,1.0427908200751617e-20,1.2606937786274227e-21,1.1911599047982797e-21,1.4825430963915817e-21,8.428003128492109e-22,1.9432075926636484e-22,1.447597590724878e-20,4.970264498066279e-22,1.3176693240992725e-21,0.9668252531663195,1.9500637571830982e-20,8.356656285311108e-21,4.567633882252618e-22,1.663946509170728e-20
77,2.0506233887114227e-22,6.179124964296879e-22,7.435054515619649e-22,8.93259119079278e-21,1.962457856457946e-22,1.5129574264678429e-22,9.223718008443562e-23,2.2408666941412832e-21,0.01145844778251109,1.4679727008623151e-22,6.198275913735172e-21,5.759216005609097e-23,1.8185542751118836e-20,5.652856338186064e-19,7.431720465312162e-23,6.6209118838763136e-21,2.617832534659203e-21,0.002647959115341652,5.174411487031264e-20,1.4528582352868206e-22,1.5402846454438686e-20,0.0021853328241924794,0.018315749994326225,7.978095846392038e-22,1.864109986773457e-22,7.83818482731709e-22,4.583176332301964e-22,1.5522246311171975e-20,6.899311719919069e-23,1.2228510870731804e-21,1.9204100779968824e-22,7.396221660843889e-22,4.517260008336627e-22,5.941832992939463e-23,1.146459464495112e-21,1.52404205821893e-21,6.969017813608215e-21,1.1782488660817423e-21,7.962375444781735e-22,1.1068112074704162e-21,4.367588936051458e-22,1.5871087910062294e-22,1.2797677779125261e-20,6.444505541828381e-22,1.186014530161799e-21,0.9653925102836286,1.7643620143166273e-20,5.334784560132171e-21,2.7497348547453846e-22,1.7133624812214737e-20
