company,name,sector,sector_name,scope1,scope2,emissions,market_value,revenues,carbon_footprint,intensity
aapl,APPLE,45,IT,45.397,776.5,821.897,1206167.0,260174.0,0.6814122754145985,3.159028188827477
msft,MICROSOFT,45,IT,97.639,2692.709,2790.348,1169037.0,125843.0,2.38687740422245,22.173247618063776
amzn,AMAZON.COM,25,Consumer Discretionary,4980.0,4710.0,9690.0,872766.5,232887.0,11.102625960093565,41.608161898259674
fb,FACEBOOK CLASS A,50,Communication Services,18.89999962,1137.0,1155.89999962,473472.7,55838.0,2.441323437697675,20.70095633117232
jpm,JP MORGAN CHASE & CO.,40,Financial,78.229,770.704,848.933,432897.4,131412.0,1.9610489691090778,6.460087358840897
googl,ALPHABET A,50,Communication Services,66.549,3301.392,3367.941,404045.5,136819.0,8.33554884289022,24.616032860933057
jnj,JOHNSON & JOHNSON,35,Health Care,460.076,673.945,1134.0210000000002,371988.9,81581.0,3.048534512723364,13.900552824799895
wmt,WALMART,30,Consumer Staples,6523.39,13187.651,19711.041,339779.9,514405.0,58.0112037233515,38.31813648778686
v,VISA 'A',45,IT,9.14343,88.044867,97.18829699999999,312803.3,22977.0,0.31070099644089433,4.229807938373155
bac,BANK OF AMERICA,40,Financial,82.298,836.052,918.35,311950.1,110584.0,2.9439003225195317,8.304546769876294
pg,PROCTER & GAMBLE,30,Consumer Staples,2174.0,2750.0,4924.0,310654.1,67684.0,15.850426567684123,72.74983748005437
xom,EXXON MOBIL,10,Energy,,,,297616.0,279332.0,,
ma,MASTERCARD,45,IT,6.27207,78.489273,84.761343,291464.5,14950.0,0.2908118930435782,5.669655050167224
dis,WALT DISNEY,50,Communication Services,843.275,1002.15,1845.425,266322.4,69570.0,6.929289462696341,26.526160701451776
t,AT&T,50,Communication Services,1048.692,6951.085,7999.777,280146.8,170756.0,28.555660817828368,46.84917074656235
unh,UNITEDHEALTH GROUP,35,Health Care,16.57,191.64,208.20999999999998,268696.4,226247.0,0.7748894291103267,0.9202773959433715
intc,INTEL,45,IT,1490.0,2615.0,4105.0,250342.4,70848.0,16.39754192657736,57.94094399277326
vz,VERIZON COMMUNICATIONS,50,Communication Services,382.750781,4745.6465,5128.397281,252985.9,130863.0,20.271474738315455,39.18905482069034
hd,HOME DEPOT,25,Consumer Discretionary,433.633,1684.212,2117.845,231299.8,108203.0,9.156276832059516,19.57288614918255
wfc,WELLS FARGO & CO,40,Financial,85.83,848.52,934.35,229907.9,101060.0,4.064018678783983,9.245497724124283
ko,COCA COLA,30,Consumer Staples,400.598,478.834,879.432,231962.3,34300.0,3.791271253992567,25.63941690962099
cvx,CHEVRON,10,Energy,59000.0,4000.0,63000.0,224654.6,158902.0,280.43049196410846,396.4707807327787
mrk,MERCK & COMPANY,35,Health Care,801.6,450.8,1252.4,228043.8,42294.0,5.491927427976556,29.611765262212135
pfe,PFIZER,35,Health Care,795.307,912.366,1707.673,213284.9,53647.0,8.006534921131312,31.831658806643432
ba,BOEING,20,Industrial,626.0,896.0,1522.0,194888.9,101127.0,7.8095776619397,15.050382192688401
cmcsa,COMCAST A,50,Communication Services,513.316,1491.298,2004.614,195256.9,94507.0,10.266546278262126,21.21127535526469
csco,CISCO SYSTEMS,45,IT,41.914,736.064,777.978,193743.9,51904.0,4.015496745962066,14.98878699136868
pep,PEPSICO,30,Consumer Staples,3734.52,1746.37,5480.889999999999,191288.6,64661.0,28.6524654370412,84.76345865359335
orcl,ORACLE,45,IT,14.763,513.072,527.835,185363.7,39506.0,2.847564005250219,13.360881891358275
c,CITIGROUP,40,Financial,21.098,700.252125,721.3501249999999,168215.1,97120.0,4.288260239419648,7.427410677512355
abt,ABBOTT LABORATORIES,35,Health Care,531.0,503.0,1034.0,152034.2,30578.0,6.801101331147859,33.81516122702596
adbe,ADOBE (S),45,IT,14.477,66.268,80.745,148108.6,11171.297,0.5451742842751873,7.227898425760232
mcd,MCDOLDS,25,Consumer Discretionary,176.06,775.745,951.8050000000001,147839.7,21025.2,6.438088010189414,45.26972395030725
mdt,MEDTRONIC,35,Health Care,65.312,233.364,298.676,150631.8,30557.0,1.982821688381869,9.774388847072682
crm,SALESFORCE.COM,45,IT,4.485,235.79,240.275,140669.3,13282.0,1.7080841377614022,18.09027254931486
amgn,AMGEN,35,Health Care,163.362,153.734,317.096,140221.3,23747.0,2.261396806333988,13.353097233334736
nflx,NETFLIX,50,Communication Services,,,,130791.6,15794.341,,
acn,ACCENTURE CLASS A,45,IT,24.095,303.998,328.09299999999996,133964.4,43215.013,2.449105881861151,7.592106937466384
bmy,BRISTOL MYERS SQUIBB,35,Health Care,243.8,130.676,374.476,149887.8,22561.0,2.4983754515043923,16.598377731483534
nvda,NVIDIA,45,IT,2.356,51.23,53.586,137130.8,11716.0,0.39076560480942285,4.573745305565039
cost,COSTCO WHOLESALE,30,Consumer Staples,970.138,1388.491,2358.629,131358.3,152703.0,17.95569065677616,15.445858954964866
abbv,ABBVIE,35,Health Care,293.271,334.131,627.402,131220.0,32753.0,4.781298582533151,19.1555582694715
ibm,INTERTIOL BUS.MCHS.,45,IT,124.901,1371.616,1496.517,119844.4,79591.0,12.48716669281168,18.80259074518476
pypl,PAYPAL HOLDINGS,45,IT,10.7,57.4,68.1,124076.9,15451.0,0.5488531708964359,4.407481716393761
utx,UNITED TECHNOLOGIES,20,Industrial,785.316,1071.071,1856.387,128980.9,66501.0,14.39272791552858,27.91517420790665
avgo,BROADCOM,45,IT,,,,130028.6,22597.0,,
pm,PHILIP MORRIS INTL.,30,Consumer Staples,388.384,438.896,827.28,130771.3,29625.0,6.32615872137082,27.925063291139242
hon,HONEYWELL INTL.,20,Industrial,1355.42,1228.457,2583.8770000000004,126751.0,41802.0,20.38545652499783,61.81228170900915
tmo,THERMO FISHER SCIENTIFIC,35,Health Care,,,,128060.6,24358.0,,
nke,NIKE 'B',25,Consumer Discretionary,26.339,289.556,315.895,121761.9,39117.0,2.5943665465141392,8.075644860290922
unp,UNION PACIFIC,20,Industrial,10613.883,356.015,10969.898,121637.6,22832.0,90.18509079429386,480.4615451997197
nee,NEXTERA ENERGY,55,Util,42109.19922,,,114294.1,16727.0,,
txn,TEXAS INSTRUMENTS,45,IT,1161.654,1234.444,2396.098,117847.1,15784.0,20.332261039940736,151.80549923973643
lly,ELI LILLY,35,Health Care,484.78,994.404,1479.184,116847.9,24555.7,12.659055062179124,60.23790810280301
lmt,LOCKHEED MARTIN,20,Industrial,291.523,745.682,1037.205,108329.4,53762.0,9.574547629729325,19.292530039805065
lin,LINDE,15,Materials,9700.0,15200.0,24900.0,112763.9,14900.0,220.81534959326524,1671.1409395973153
sbux,STARBUCKS,25,Consumer Discretionary,291.271,808.914,1100.185,104176.1,26508.6,10.56081961217592,41.5029462136816
dhr,DAHER,35,Health Care,,,,108675.9,19893.0,,
ge,GENERAL ELECTRIC,20,Industrial,1665.61,2126.141,3791.751,99911.75,121616.0,37.95100175905237,31.178060452572034
axp,AMERICAN EXPRESS,40,Financial,24.162,119.932,144.094,100352.7,43281.0,1.4358756665241692,3.3292668838520365
mmm,3M,20,Industrial,3960.0,1880.0,5840.0,96930.44,32765.0,60.24939121291516,178.23897451548908
chtr,CHARTER COMMS.CL.A,50,Communication Services,,,,100860.6,43634.0,,
cvs,CVS HEALTH,35,Health Care,206.086,1131.013,1337.099,96609.63,194579.0,13.840224830588834,6.87175388916584
qcom,QUALCOMM,45,IT,80.179,130.297,210.476,101681.3,24273.0,2.0699577995167253,8.671198450953733
usb,US BANCORP,40,Financial,55.029,287.196,342.225,94570.5,25775.0,3.6187288848002286,13.277400581959263
mo,ALTRIA GROUP,30,Consumer Staples,167.695,172.312,340.007,93275.5,19627.0,3.645190859336053,17.32343200692923
amt,AMERICAN TOWER,60,Real Estate,619.256,1778.676,2397.932,92880.06,7440.1,25.8175113151305,322.29835620488967
low,LOWE'S COMPANIES,25,Consumer Discretionary,399.567,2021.567,2421.134,90597.38,71309.0,26.724106149648033,33.952712841296325
gs,GOLDMAN SACHS GP.,40,Financial,11.147,186.991,198.138,80041.31,52528.0,2.475446741189019,3.7720453853183065
fis,FIDELITY T.INFO.SVS.,45,IT,,,,84034.25,8423.0,,
gild,GILEAD SCIENCES,35,Health Care,,,,85561.88,22127.0,,
ms,MORGAN STANLEY,40,Financial,29.45,209.3,238.75,82046.75,50193.0,2.909926352963402,4.7566393720239875
ups,UNITED PARCEL SER.'B',20,Industrial,13047.0,745.0,13792.0,81953.25,71861.0,168.29106838349912,191.9260795146185
cat,CATERPILLAR,20,Industrial,930.0,1320.0,2250.0,81119.19,54722.0,27.736963349855934,41.116918241292346
bkng,BOOKING HOLDINGS,25,Consumer Discretionary,,,,81554.94,14527.0,,
fisv,FISERV,45,IT,2.756,92.702,95.458,78310.25,5823.0,1.2189719736560667,16.393268074875493
blk,BLACKROCK,40,Financial,5.0613,22.1346,27.195899999999998,77512.56,14198.0,0.3508579770813917,1.9154740104240031
mdlz,MONDELEZ INTERTIOL CL.A,30,Consumer Staples,778.304,852.939,1631.243,76281.81,25938.0,21.38442965629683,62.89008404657259
syk,STRYKER,35,Health Care,20.022,83.561,103.583,74787.19,13601.0,1.3850366620272803,7.615837070803618
ci,CIG,35,Health Care,10.448,54.5,64.94800000000001,72280.13,48650.0,0.8985595349648652,1.3350051387461461
spgi,S&P GLOBAL,40,Financial,2.4255,41.83973,44.26523,66058.81,6258.0,0.6700882138203822,7.073382869926494
tjx,TJX,25,Consumer Discretionary,99.906,684.375,784.281,73225.81,38972.934,10.710444855440997,20.123735102930663
antm,ANTHEM,35,Health Care,6.011,115.851,121.862,72118.5,92105.0,1.6897467362743261,1.323076923076923
adp,AUTOMATIC DATA PROC.,45,IT,17.979,150.711,168.69,72329.69,14175.2,2.3322372873435513,11.900361194198316
cme,CME GROUP,40,Financial,,,,72797.25,4309.4,,
bdx,BECTON DICKINSON,35,Health Care,87.638,402.29,489.928,71790.81,17290.0,6.824383232338513,28.335916714864084
intu,INTUIT,45,IT,3.176,22.443,25.619,65792.44,6784.0,0.38939124312762985,3.776385613207547
cb,CHUBB,40,Financial,27.211,56.061,83.27199999999999,69648.06,32717.0,1.195611191467501,2.5452211388574746
cop,CONOCOPHILLIPS,10,Energy,19333.788,1219.404,20553.192,68678.0,36417.0,299.26893619499697,564.3845456792156
d,DOMINION ENERGY,55,Util,30155.246,55.784,30211.03,66415.31,13366.0,454.8805087260754,2260.289540625468
duk,DUKE ENERGY,55,Util,95213.4,,,67866.94,24521.0,,
isrg,INTUITIVE SURGICAL,35,Health Care,,,,67144.69,3724.2,,
ph,PARKER-HANNIFIN,20,Industrial,67.943,534.049,601.992,26887.66,14320.324,22.3891554713203,42.03759635606009
pnc,PNC FINL.SVS.GP.,40,Financial,37.123,235.769,272.892,69669.06,19993.0,3.9169754838087383,13.649377282048716
tmus,T-MOBILE US,50,Communication Services,32.0,1113.0,1145.0,64073.97,43310.0,17.8699712223232,26.43731239898407
so,SOUTHERN,55,Util,97534.304,3931.613,101465.917,63668.67,23495.0,1593.6553567084093,4318.617450521388
tgt,TARGET,25,Consumer Discretionary,706.176,2186.651,2892.8269999999998,64619.11,75356.0,44.76736061514929,38.388807792345666
agn,ALLERGAN,35,Health Care,88.19,76.124,164.314,61804.75,15787.4,2.658598246898499,10.407920240191546
schw,CHARLES SCHWAB,40,Financial,2.158,48.115,50.273,65486.48,10989.0,0.767685177154124,4.574847574847575
cl,COLGATE-PALM.,30,Consumer Staples,201.427,415.886,617.313,57619.04,15544.0,10.713698110902229,39.71390890375707
gm,GENERAL MOTORS,25,Consumer Discretionary,1848.804,4572.734,6421.5380000000005,51579.13,147049.0,124.4987652951882,43.669375514284354
rtn,RAYTHEON 'B',20,Industrial,88.136,331.006,419.14199999999994,60761.33,27058.0,6.898170267174861,15.49050188483997
bsx,BOSTON SCIENTIFIC,35,Health Care,31.25699997,53.86999893,85.1269989,62262.15,9823.0,1.3672351324199372,8.666089677287998
noc,NORTHROP GRUMMAN,20,Industrial,140.537,370.677,511.21400000000006,58295.46,30095.0,8.769362142437851,16.986675527496264
pld,PROLOGIS REIT,60,Real Estate,2.772,3.533,6.305,56174.67,2804.449,0.11223919962502672,2.2482134636786046
biib,BIOGEN,35,Health Care,61.616,41.653,103.269,53022.84,13452.9,1.9476323788012868,7.676337443971189
dd,DUPONT DE NEMOURS,15,Materials,,,,49033.95,85977.0,,
mu,MICRON TECHNOLOGY,45,IT,2843.993,2455.454,5299.447,56485.07,23406.0,93.82031393428387,226.4140391352645
vrtx,VERTEX PHARMS.,35,Health Care,,,,56714.28,3047.597,,
zts,ZOETIS A,35,Health Care,,,,59218.25,5825.0,,
amat,APPLIED MATS.,45,IT,41.08,150.87,191.95,55757.74,14608.0,3.4425713811212577,13.140060240963855
cci,CROWN CASTLE INTL.,60,Real Estate,,,,54881.4,5423.0,,
csx,CSX,20,Industrial,4706.707,220.696,4927.403,56547.24,12250.0,87.13781609853991,402.23697959183676
gd,GENERAL DYMICS,20,Industrial,,,,52211.05,36193.0,,
gpn,GLOBAL PAYMENTS,45,IT,,,,52616.93,3366.366,,
itw,ILLINOIS TOOL WORKS,20,Industrial,111.894,547.055,658.949,57563.79,14768.0,11.447283092374564,44.62005687973998
ir,INGERSOLL-RAND,20,Industrial,364.658,194.348,559.0060000000001,32199.41,15668.2,17.360752883360288,35.67774217842509
mmc,MARSH & MCLENN,40,Financial,14.4058,94.26957,108.67537,55654.77,14950.0,1.9526694657079708,7.269255518394649
now,SERVICENOW,45,IT,,,,50101.53,2608.816,,
de,DEERE,20,Industrial,348.754,784.554,1133.308,54731.16,39258.0,20.706814911286365,28.868205206582097
ecl,ECOLAB,15,Materials,393.98,247.202,641.182,53377.06,14668.2,12.012313904137846,43.71238461433577
eqix,EQUINIX REIT,60,Real Estate,14.76588,1756.166375,1770.932255,46715.78,5071.654,37.90865217277759,349.1823880335685
ice,INTERCONTINENTAL EX.,40,Financial,,,,50517.36,4979.0,,
psx,PHILLIPS 66,10,Energy,26500.0,9200.0,35700.0,50536.73,111461.0,706.416897175579,320.2914023739245
wba,WALGREENS BOOTS ALLIANCE,30,Consumer Staples,376.0,1863.0,2239.0,52018.3,136866.0,43.042544642942964,16.359066532228603
apd,AIR PRDS.& CHEMS.,15,Materials,17200.0,11500.0,28700.0,51241.0,8918.9,560.0983587361683,3217.8856136967565
nsc,NORFOLK SOUTHERN,20,Industrial,4872.474,228.814,5101.2880000000005,49674.81,11458.0,102.69365901953124,445.2162681096178
slb,SCHLUMBERGER,10,Energy,1423.0,642.0,2065.0,54088.05,32815.0,38.17848859406098,62.928538777997865
shw,SHERWIN-WILLIAMS,15,Materials,446.796,390.586,837.3820000000001,53244.93,17534.493,15.726980953867344,47.75627102534417
cof,CAPITAL ONE FINL.,40,Financial,11.569,172.868,184.43699999999998,48448.92,32377.0,3.806834084227264,5.696543842851406
ew,EDWARDS LIFESCIENCES,35,Health Care,10.9,27.7,38.6,48117.06,3722.8,0.8022102763552055,10.368539808746105
mar,MARRIOTT INTL.'A',25,Consumer Discretionary,1358.825,4878.992,6237.817,47438.56,20758.0,131.49254530491652,300.5018306195202
spg,SIMON PROPERTY GROUP,60,Real Estate,19.261,291.245,310.50600000000003,44356.98,5657.919,7.000160966774564,54.879894887148446
wm,WASTE MAGEMENT,20,Industrial,15689.993,244.828,15934.821,46946.51,14914.0,339.4250392627695,1068.447163738769
atvi,ACTIVISION BLIZZARD,50,Communication Services,,,,44989.27,7500.0,,
amd,ADVANCED MICRO DEVICES,45,IT,2.802,42.458,45.26,47429.43,6475.0,0.9542598340313175,6.9899613899613895
aon,AON CLASS A,40,Financial,23.543,71.669,95.21199999999999,48204.14,10770.0,1.9751830444439,8.840482822655524
bk,BANK OF NEW YORK MELLON,40,Financial,8.265,146.657,154.92200000000003,47235.03,19213.0,3.279811614388729,8.06339457658877
el,ESTEE LAUDER COS.'A',30,Consumer Staples,35.182879,60.372398,95.55527699999999,44648.08,14863.0,2.1401878199465685,6.429070645226401
ilmn,ILLUMI,35,Health Care,,,,47332.52,3333.0,,
lvs,LAS VEGAS SANDS,25,Consumer Discretionary,249.971,824.321,1074.292,52764.1,13729.0,20.360282843827527,78.24983611333673
met,METLIFE,40,Financial,15.929,108.019,123.94800000000001,46478.13,67941.0,2.6668026445986532,1.8243475957080408
pru,PRUDENTIAL FINL.,40,Financial,13.57216,57.054789,70.626949,38009.1,62992.0,1.858158940885209,1.1212050577851156
aep,AMER.ELEC.PWR.,55,Util,78760.416,12957.602,91718.018,45018.72,16195.7,2037.3306482281146,5663.1092203486105
aig,AMERICAN INTL.GP.,40,Financial,0.265,9.781,10.046000000000001,44393.59,47389.0,0.22629393117339694,0.21199012429044717
adi,ALOG DEVICES,45,IT,49.806,148.09,197.89600000000002,43389.66,5991.065,4.560902297920749,33.03185660646313
bbt,BB&T,40,Financial,,,,,,,
emr,EMERSON ELECTRIC,20,Industrial,120.619,506.658688,627.277688,46886.54,18372.0,13.37863037025125,34.14313564119312
f,FORD MOTOR,25,Consumer Discretionary,1391.127,3482.444,4873.571,36292.49,160338.0,134.28593629150274,30.395608028040762
hca,HCA HEALTHCARE,35,Health Care,,,,48699.18,46677.0,,
hum,HUMA,35,Health Care,16.427,96.037,112.464,45955.81,56912.0,2.447220492903944,1.9761034579701995
kmb,KIMBERLY-CLARK,30,Consumer Staples,2091.867,2441.19,4533.057000000001,46594.13,18486.0,97.2881562548759,245.21567672833498
kmi,KINDER MORGAN,10,Energy,,,,45639.02,14144.0,,
lhx,L3HARRIS TECHNOLOGIES,20,Industrial,0.66346,154.401,155.06446,43390.56,6182.0,3.573691143880144,25.08321902296991
adsk,AUTODESK,45,IT,2.27,13.206,15.475999999999999,39143.86,2569.8,0.395362133422713,6.02225854152074
dg,DOLLAR GENERAL,25,Consumer Discretionary,,,,39610.69,25625.043,,
eog,EOG RES.,10,Energy,4584.4065,,,44627.11,17007.571,,
exc,EXELON,55,Util,10200.499,6520.843,16721.342,42870.0,35985.0,390.04763237695363,464.6753369459497
fdx,FEDEX,20,Industrial,14028.692,1094.109,15122.801,43021.47,69693.0,351.5175329899234,216.99167778686524
lrcx,LAM RESEARCH,45,IT,26.48259,53.068391,79.550981,41303.95,9653.559,1.9259896692689198,8.240585777742695
mco,MOODY'S,40,Financial,0.157,16.938,17.095,44241.47,4442.7,0.38640216972898955,3.847885294978279
pgr,PROGRESSIVE OHIO,40,Financial,,,,42496.75,31954.7,,
rost,ROSS STORES,25,Consumer Discretionary,,,,42123.5,14983.541,,
sre,SEMPRA EN.,55,Util,5113.005,247.314,5360.319,41407.68,11687.0,129.45229000996918,458.656541456319
afl,AFLAC,40,Financial,3.436,11.718,15.154,39563.56,21758.0,0.3830292319498043,0.6964794558323375
bax,BAXTER INTL.,35,Health Care,295.0,424.0,719.0,42636.51,11127.0,16.863481556065448,64.61759683652376
dow,DOW ORD SHS,15,Materials,25760.54,8814.966,34575.506,40374.45,49852.0,856.3709474680152,693.563066677365
etn,EATON,20,Industrial,150.674,740.493,891.167,39045.63,21609.0,22.823732130842814,41.24054791984821
khc,KRAFT HEINZ,30,Consumer Staples,709.692,756.918,1466.6100000000001,39003.88,26268.0,37.601643733905455,55.832571950662405
mpc,MARATHON PETROLEUM,10,Energy,36400.0,8000.0,44400.0,38309.97,96504.0,1158.9672348999488,460.084556080577
regn,REGENERON PHARMS.,35,Health Care,48.8,32.9,81.69999999999999,40173.47,6710.8,2.0336804363675824,12.174405436013588
syy,SYSCO,30,Consumer Staples,968.831,301.0,1269.8310000000001,42486.58,60113.922,29.887813987381428,21.1237423503993
vlo,VALERO ENERGY,10,Energy,,,,38819.01,111407.0,,
ctsh,COGNIZANT TECH.SLTN.'A',45,IT,,,,33823.14,16125.0,,
dal,DELTA AIR LINES,20,Industrial,35782.448,296.269,36078.717,36663.85,44438.0,984.0406013007363,811.8888563841756
oxy,OCCIDENTAL PTL.,10,Energy,11300.0,4200.0,15500.0,34169.39,17824.0,453.6223795625266,869.6140035906643
psa,PUBLIC STORAGE,60,Real Estate,,,,35678.48,2754.28,,
trv,TRAVELERS COS.,40,Financial,26.64,28.25,54.89,35002.67,30282.0,1.5681660856157544,1.812627963806882
all,ALLSTATE ORD SHS,40,Financial,53.818,91.209,145.027,35748.56,39815.0,4.056862709994473,3.6425216626899406
msci,MSCI,40,Financial,,,,22012.05,1433.984,,
rop,ROPER TECHNOLOGIES,20,Industrial,,,,36082.09,5191.2,,
well,WELLTOWER,60,Real Estate,7.683,171.805,179.488,32067.17,4700.499,5.597251020280243,38.18488207315861
ebay,EBAY,25,Consumer Discretionary,28.36918,157.495438,185.864618,28725.56,10746.0,6.470356644048019,17.296167690303367
es,EVERSOURCE ENERGY,55,Util,713.397,542.57,1255.967,26176.1,8448.201,47.98144108557043,148.66679900253325
gis,GENERAL MILLS,30,Consumer Staples,324.749,638.985,963.734,31222.98,16865.2,30.866176130529503,57.143348433460616
hpq,HP,45,IT,69.94,301.578,371.518,29688.59,58756.0,12.513831071128672,6.323064878480495
jci,JOHNSON CONTROLS INTL.,20,Industrial,964.378,1423.391,2387.7690000000002,32407.33,23968.0,73.6799051325734,99.62320594125501
mnst,MONSTER BEVERAGE,30,Consumer Staples,,,,33913.28,3807.183,,
orly,O REILLY AUTOMOTIVE,25,Consumer Discretionary,,,,33380.71,9536.428,,
sti,SUNTRUST BANKS,40,Financial,,,,31140.52,,,
vfc,V F,25,Consumer Discretionary,72.529,161.006,233.535,37285.52,13848.66,6.263423441593413,16.863364397710683
xel,XCEL ENERGY,55,Util,47192.1,846.253875,48038.353875,32903.26,11537.0,1459.9876691549712,4163.851423680333
yum,YUM! BRANDS,25,Consumer Discretionary,107.301898,351.4425,458.744398,30194.79,5688.0,15.192832869511594,80.65126547116736
aph,AMPHENOL 'A',45,IT,67.197,278.786,345.983,32027.03,8202.0,10.802843722942779,42.18276030236528
ea,ELECTRONIC ARTS,50,Communication Services,,,,30684.05,4950.0,,
hlt,HILTON WORLDWIDE HDG.,25,Consumer Discretionary,505.64,1811.065,2316.705,30056.0,8906.0,77.07961804631354,260.1285650123512
nem,NEWMONT GOLDCORP,15,Materials,3083.909,1602.45,4686.359,33711.75,7253.0,139.01262912782636,646.1269819385083
payx,PAYCHEX,45,IT,,,,30332.19,3772.5,,
luv,SOUTHWEST AIRLINES,20,Industrial,20148.91,57.634,20206.543999999998,28676.79,21965.0,704.6306089349608,919.9428181197359
stt,STATE STREET,40,Financial,9.68,78.678,88.358,29242.57,12973.0,3.021553851115001,6.810914977260465
trow,T ROWE PRICE GROUP,40,Financial,1.33138,28.84433,30.17571,29291.45,5372.6,1.0301883314072877,5.616593455682536
tel,TE CONNECTIVITY,45,IT,162.833,466.651,629.484,31591.12,13448.0,19.92597919921801,46.808744794765026
tdg,TRANSDIGM GROUP,20,Industrial,,,,30392.97,5223.203,,
azo,AUTOZONE,25,Consumer Discretionary,,,,29329.73,11863.743,,
avb,AVALONBAY COMMNS.,60,Real Estate,19.008,62.243,81.251,29211.66,2284.535,2.7814578151327245,35.565662158820075
bby,BEST BUY,25,Consumer Discretionary,219.636,413.25,632.886,22086.64,42879.0,28.654698043704247,14.759812495627228
stz,CONSTELLATION BRANDS 'A',30,Consumer Staples,237.576,66.267,303.84299999999996,30114.52,8116.0,10.0895846920356,37.4375308033514
eqr,EQUITY RESD.TST.PROPS. SHBI,60,Real Estate,81.08899689,51.99399948,133.08299637,30369.36,2578.434,4.382146886533005,51.61388516052766
info,IHS MARKIT,20,Industrial,0.552,18.178,18.73,29689.14,4009.2,0.6308704125481573,4.6717549635837585
klac,KLA,45,IT,2.322,17.747,20.069,27055.45,4568.904,0.7417729145144508,4.392519518904314
lyb,LYONDELLBASELL INDS.CL.A,15,Materials,13928.0,9017.0,22945.0,31330.6,39004.0,732.3511199913185,588.2729976412676
pcar,PACCAR,20,Industrial,109.976,165.487,275.46299999999997,28690.21,23495.7,9.60128908083977,11.723975025217378
ppg,PPG INDUSTRIES,15,Materials,474.0,693.0,1167.0,31629.29,15374.0,36.896180723626735,75.90737608950175
peg,PUB.SER.ENTER.GP.,55,Util,12080.838,962.34575,13043.18375,29584.99,9696.0,440.87166329953124,1345.2128455033003
rsg,REPUBLIC SVS.'A',20,Industrial,13486.262,261.044,13747.306,28269.84,10040.9,486.2887798445269,1369.1308548038523
tsn,TYSON FOODS 'A',30,Consumer Staples,3044.704,2597.619,5642.323,25831.56,42405.0,218.42749721658313,133.05796486263412
alxn,ALEXION PHARMS.,35,Health Care,,,,24888.55,4131.2,,
adm,ARCHER DANIELS MIDLAND,30,Consumer Staples,14612.0,2858.9,17470.9,25000.78,64341.0,698.8141969970538,271.53603456582897
cnc,CENTENE,35,Health Care,,,,24215.34,60116.0,,
ctas,CINTAS,20,Industrial,,,,26832.29,6892.303,,
ed,CONSOLIDATED EDISON,55,Util,3068.0,1240.0,4308.0,29094.3,12337.0,148.07024056258442,349.19348301856206
dlr,DIGITAL REALTY TST.,60,Real Estate,11.067,1769.637,1780.704,23933.96,3046.478,74.40072599770369,584.5123450751984
dfs,DISCOVER FINCIAL SVS.,40,Financial,,,,27077.38,12848.0,,
flt,FLEETCOR TECHNOLOGIES,45,IT,,,,26166.26,2433.492,,
iqv,IQVIA HOLDINGS,35,Health Care,36.784,51.679,88.463,28191.7,10412.0,3.1379093846770503,8.496254321936227
mchp,MICROCHIP TECH.,45,IT,488.044,209.819,697.8629999999999,24652.93,5349.5,28.30750746462996,130.45387419384988
msi,MOTOROLA SOLUTIONS,45,IT,10.65,87.6,98.25,27751.29,7343.0,3.5403759609012773,13.380089881519815
oke,ONEOK,10,Energy,2900.0,2100.0,5000.0,30118.0,12593.196,166.01367952719303,397.03979831648775
sbac,SBA COMMS.,60,Real Estate,,,,25678.67,1865.695,,
wmb,WILLIAMS,10,Energy,10480.0,1096.0,11576.0,27452.9,8686.0,421.66765624032433,1332.7193184434723
wltw,WILLIS TOWERS WATSON,40,Financial,,,,25511.39,8513.0,,
xlnx,XILINX,45,IT,1.493,25.533,27.026,24276.66,3059.04,1.1132503400385392,8.83479784507558
zbh,ZIMMER BIOMET HDG.,35,Health Care,9.346,127.916,137.262,30319.92,7932.9,4.527122762856894,17.302877888288016
a,AGILENT TECHS.,35,Health Care,8.196,51.856,60.052,26245.95,5163.0,2.288048251254003,11.631222157660275
ccl,CARNIVAL,25,Consumer Discretionary,10642.209,45.437,10687.646,24718.88,20825.0,432.36772863495435,513.2122929171669
cmg,CHIPOTLE MEXN.GRILL,25,Consumer Discretionary,,,,22547.46,4864.985,,
glw,CORNING,45,IT,,,,22496.46,11290.0,,
cmi,CUMMINS,20,Industrial,304.806,540.666,845.472,28324.29,23771.0,29.849715562155307,35.5673720079088
dte,DTE ENERGY,55,Util,31857.0,1715.0,33572.0,23999.67,14212.0,1398.8525675561375,2362.2291021671826
hrl,HORMEL FOODS,30,Consumer Staples,960.825,507.73,1468.555,24250.32,9497.317,60.55816995404597,154.62840715962207
k,KELLOGG,30,Consumer Staples,540.275,765.5045,1305.7795,22577.02,13547.0,57.836663120287795,96.38883147560347
mck,MCKESSON,35,Health Care,124.911,178.385,303.296,25934.43,214319.0,11.694723963472494,1.4151615115785348
ndaq,SDAQ,40,Financial,0.0,14.435,14.435,17068.47,2526.0,0.8457114199456659,5.714568487727633
ntrs,NORTHERN TRUST,40,Financial,2.637,36.809,39.446,23281.55,6658.9,1.6943029995855088,5.923801228431122
o,REALTY INCOME,60,Real Estate,,,,23837.71,1327.838,,
rcl,ROYAL CARIBBEAN CRUISES,25,Consumer Discretionary,4225.453,9.317,4234.77,26201.78,9493.849,161.6214623586642,446.0540714308812
wec,WEC ENERGY GROUP,55,Util,30206.3,3138.0,33344.3,28004.38,7679.5,1190.6816005210615,4341.9884107038215
ame,AMETEK,20,Industrial,,,,22699.26,4845.872,,
bf/b,BROWN-FORMAN 'B',30,Consumer Staples,99.053422,68.997602,168.05102399999998,19538.23,3324.0,8.601138588295868,50.55686642599277
cern,CERNER,35,Health Care,,,,22558.46,5366.325,,
dltr,DOLLAR TREE,25,Consumer Discretionary,,,,21903.09,22823.3,,
eix,EDISON INTL.,55,Util,1100.0,1100.0,2200.0,25622.04,12657.0,85.86357682682565,173.81686023544285
etr,ENTERGY,55,Util,,,,23278.99,11009.452,,
fast,FASTEL,20,Industrial,,,,21593.29,4965.1,,
fe,FIRSTENERGY,55,Util,42474.08,54.019,42528.099,25853.91,11261.0,1644.9387732841958,3776.582807921144
ftv,FORTIVE,20,Industrial,34.845,67.582,102.42699999999999,25578.2,6452.7,4.004464739504734,15.873510313512172
hig,HARTFORD FINL.SVS.GP.,40,Financial,14.769,21.206,35.975,22086.61,18955.0,1.628814924517615,1.8979161171194938
hsy,HERSHEY,30,Consumer Staples,114.928,195.886,310.81399999999996,21774.53,7791.069,14.274200177914286,39.893626920772995
hes,HESS,10,Energy,3723.444,423.703,4147.147,19312.28,6323.0,214.74144948188408,655.8828087932943
hpe,HEWLETT PACKARD ENTER.,45,IT,77.303,391.122,468.425,21411.85,29135.0,21.876904611231634,16.07774154796636
ppl,PPL,55,Util,28587.424,504.517,29091.941,24293.91,7785.0,1197.4993321371487,3736.9224149004494
rok,ROCKWELL AUTOMATION,20,Industrial,32.225,91.688,123.91300000000001,23741.43,6694.8,5.2192728070718575,18.508842683874054
swk,STANLEY BLACK & DECKER,20,Industrial,114.274,334.982,449.25600000000003,25501.5,13982.4,17.61684606787836,32.1301064194988
syf,SYNCHRONY FINCIAL,40,Financial,,,,24355.01,18253.0,,
snps,SYNOPSYS,45,IT,,,,20420.94,3360.694,,
twtr,TWITTER,50,Communication Services,,,,23523.61,3042.359,,
ual,UNITED AIRLINES HOLDINGS,20,Industrial,32429.264,331.527,32760.790999999997,22386.77,41303.0,1463.3996329081863,793.1818754085659
vrsn,VERISIGN,45,IT,,,,22304.2,1214.969,,
vrsk,VERISK ALYTICS CL.A,20,Industrial,4.60794,11.776,16.38394,24156.05,2395.1,0.6782541019744536,6.8406079078117825
awk,AMERICAN WATER WORKS,55,Util,61.577,528.945,590.522,21409.32,3440.0,27.582473427460567,171.66337209302327
abc,AMERISOURCEBERGEN,35,Health Care,37.500699,85.882242,123.382941,17871.97,179589.121,6.903712405515452,0.6870290378001237
anss,ANSYS,45,IT,,,,21133.32,1293.636,,
aptv,APTIV,25,Consumer Discretionary,19.458609,372.218594,391.677203,24459.14,14435.0,16.013531260706635,27.133855420852097
bll,BALL,15,Materials,452.811,944.704,1397.5149999999999,20743.28,11635.0,67.37193924972327,120.11302105715512
bxp,BOSTON PROPERTIES,60,Real Estate,11.065,209.517,220.582,20894.02,2717.076,10.557183347196949,81.18359589499889
cprt,COPART,20,Industrial,,,,20567.53,2041.957,,
dhi,D R HORTON,25,Consumer Discretionary,,,,20031.29,17592.9,,
fitb,FIFTH THIRD BANCORP,40,Financial,12.116,94.617,106.733,22347.43,7973.0,4.7760749222617545,13.38680546845604
frc,FIRST REPUBLIC BANK,40,Financial,,,,19449.76,3575.051,,
idxx,IDEXX LABORATORIES,35,Health Care,,,,21606.91,2213.242,,
key,KEYCORP,40,Financial,13.671,47.273,60.944,20083.29,7393.0,3.034562564201383,8.243473556066549
kr,KROGER,30,Consumer Staples,2791.304,4035.72425,6827.02825,22605.71,121162.0,302.0045930873217,56.34628225021047
mtb,M&T BANK,40,Financial,,,,22694.49,6454.711,,
mkc,MCCORMICK & COMPANY NV.,30,Consumer Staples,27.949,89.047,116.996,20569.41,5408.9,5.687863677178878,21.630276026548838
pxd,PIONEER NTRL.RES.,10,Energy,,,,23115.97,8817.0,,
are,ALEXANDRIA RLST.EQTIES.,60,Real Estate,,,,18061.4,1327.459,,
algn,ALIGN TECHNOLOGY,35,Health Care,,,,21152.59,1966.492,,
amp,AMERIPRISE FINL.,40,Financial,1.72725,16.950279,18.677529,21339.33,12924.0,0.8752631408764943,1.4451817548746517
cdns,CADENCE DESIGN SYS.,45,IT,,,,18766.05,2138.022,,
cfg,CITIZENS FINCIAL GROUP,40,Financial,11.482,41.392,52.874,17632.19,7354.0,2.998719954809925,7.189828664672287
clx,CLOROX,30,Consumer Staples,74.835,199.264,274.099,19109.15,6214.0,14.343861448573064,44.10991309945285
ess,ESSEX PROPERTY TST.,60,Real Estate,,,,19844.33,1400.053,,
hal,HALLIBURTON,10,Energy,1837.736,260.784,2098.52,21330.64,23995.0,98.38054554387492,87.45655344863513
peak,HEALTHPEAK PROPERTIES,60,Real Estate,50.551,267.191,317.74199999999996,16476.59,1846.689,19.284451455064424,172.060373999087
incy,INCYTE,35,Health Care,,,,19999.63,1881.883,,
keys,KEYSIGHT TECHNOLOGIES,45,IT,8.5209,67.0893,75.61019999999999,20127.11,4303.0,3.75663470811259,17.5715082500581
l,LOEWS,40,Financial,,,,15196.16,14066.0,,
rmd,RESMED,35,Health Care,,,,21891.45,2606.572,,
tif,TIFFANY & CO,25,Consumer Discretionary,3.124,40.201,43.325,16020.79,4442.1,2.7042986020040214,9.753269849845793
vtr,VENTAS,60,Real Estate,77.502992,363.660781,441.163773,20556.39,3745.81,21.461150182498,117.77526703169674
wy,WEYERHAEUSER,60,Real Estate,430.0,700.0,1130.0,22018.96,7476.0,51.31940836442775,151.15034777956126
cbre,CBRE GROUP CLASS A,60,Real Estate,46.057,25.01,71.06700000000001,19736.96,21340.088,3.60070649177989,3.3302111968797887
cdw,CDW,45,IT,,,,19655.52,16240.5,,
chd,CHURCH & DWIGHT CO.,30,Consumer Staples,80.596,91.744,172.34,17067.7,4145.9,10.097435506834547,41.568778793506844
cinf,CINCINTI FINL.,40,Financial,17.22415,16.52908,33.75323,17347.05,5407.0,1.9457619595262596,6.242506010726836
cms,CMS ENERGY,55,Util,13046.393,56.659,13103.052,17249.11,6873.0,759.6364102263826,1906.453077258839
ctva,CORTEVA,15,Materials,,,,20191.85,14287.0,,
ftnt,FORTINET,45,IT,,,,17855.92,1801.2,,
fcx,FREEPORT-MCMORAN,15,Materials,1792.267,3115.658,4907.925,18948.95,18628.0,259.00775504711345,263.4703135065493
grmn,GARMIN,25,Consumer Discretionary,,,,18588.21,3347.444,,
mlm,MARTIN MRTA.MATS.,15,Materials,,,,17189.52,4244.265,,
mxim,MAXIM INTEGRATED PRDS.,45,IT,43.736,50.60563,94.34163,16090.43,2314.329,5.86321372393404,40.76413941146656
mtd,METTLER TOLEDO INTL.,35,Health Care,29.749,33.279,63.028000000000006,18884.72,2935.586,3.3375130793572794,21.470329944345014
rf,REGIONS FINL.NEW,40,Financial,5.092,105.978,111.07,16804.01,6412.0,6.609731843768244,17.32220835932626
swks,SKYWORKS SOLUTIONS,45,IT,,,,18995.13,3376.8,,
vmc,VULCAN MATERIALS,15,Materials,592.159,330.0,922.159,18859.21,4382.869,48.89701106249944,210.40076716871985
gww,WW GRAINGER,20,Industrial,38.6,83.959,122.559,18249.89,11221.0,6.715602121437445,10.922288566081455
amcr,AMCOR,15,Materials,357.318,1222.218,1579.536,17303.12,9458.2,91.2861957843441,167.00175509082067
aee,AMEREN,55,Util,30200.376,68.388,30268.764,18380.88,6291.0,1646.7527126013551,4811.439198855508
ajg,ARTHUR J GALLAGHER,40,Financial,,,,17648.81,6934.0,,
bkr,BAKER HUGHES COMPANY,10,Energy,383.075,323.879,706.954,15440.88,22877.0,45.78456668272793,30.902391047777243
cpb,CAMPBELL SOUP,30,Consumer Staples,416.838,334.502,751.34,14391.98,8107.0,52.20546443227409,92.67793265079561
kmx,CARMAX,25,Consumer Discretionary,,,,16286.79,18173.1,,
ctxs,CITRIX SYS.,45,IT,,,,14363.24,2973.903,,
cag,COGRA BRANDS,30,Consumer Staples,347.02,379.704,726.7239999999999,13738.24,9538.4,52.89789667380975,76.18929799547094
cxo,CONCHO RESOURCES,10,Energy,,,,16066.2,3933.0,,
dri,DARDEN RESTAURANTS,25,Consumer Discretionary,,,,14254.88,8510.4,,
dov,DOVER,20,Industrial,83.647,143.717,227.36400000000003,16630.1,6992.118,13.671836008201998,32.517185779759444
efx,EQUIFAX,20,Industrial,,,,16773.68,3412.1,,
it,GARTNER 'A',45,IT,,,,14080.79,3975.454,,
has,HASBRO,25,Consumer Discretionary,6.586,7.957,14.543,14060.99,4579.646,1.0342799475712592,3.175572959132649
hban,HUNTINGTON BCSH.,40,Financial,14.341,77.722,92.06299999999999,16190.32,5270.0,5.686298973707745,17.469259962049332
ip,INTERTIOL PAPER,15,Materials,9807.907,3861.777,13669.684,18256.94,23306.0,748.7390548470883,586.5306787951599
iff,INTL.FLAVORS & FRAG.,15,Materials,113.944,118.458,232.402,14372.09,3977.539,16.17036909732683,58.42859114643501
lh,LABORATORY CORP.OF AM. HDG.,35,Health Care,137.245703,176.277813,313.523516,16425.45,11333.4,19.08766676103242,27.66367691954753
len,LENR 'A',25,Consumer Discretionary,,,,16572.11,20571.631,,
mro,MARATHON OIL,10,Energy,5200.0,160.0,5360.0,10423.06,6052.0,514.2443773709449,885.6576338400529
mktx,MARKETAXESS HOLDINGS,40,Financial,,,,13957.12,435.565,,
mgm,MGM RESORTS INTL.,25,Consumer Discretionary,251.214,614.756,865.97,16757.58,11763.096,51.67631603131239,73.6175238219598
nlok,NORTONLIFELOCK,45,IT,3.285,73.433,76.718,16316.6,4731.0,4.7018373925940455,16.216021982667513
nue,NUCOR,15,Materials,20834.0,,,17619.83,25067.279,,
omc,OMNICOM GROUP,50,Communication Services,23.961,77.445,101.40599999999999,17904.1,15290.2,5.663842360129802,6.632091143346718
stx,SEAGATE TECH.,45,IT,262.343,894.885,1157.228,15513.08,10390.0,74.59692079200262,111.37901828681424
tfx,TELEFLEX,35,Health Care,,,,16502.17,2448.383,,
wdc,WESTERN DIGITAL,45,IT,50.190301,1080.60325,1130.793551,15979.54,16569.0,70.76508779351595,68.24754366588206
akam,AKAMAI TECHS.,45,IT,0.0,110.122,110.122,13467.84,2714.474,8.176663815429944,40.56844898864384
lnt,ALLIANT ENERGY (XSC),55,Util,,,,12640.13,3534.5,,
aal,AMERICAN AIRLINES GROUP,20,Industrial,41892.6,375.4,42268.0,12142.96,44541.0,3480.8646326760527,948.9683662243775
arnc,ARCONIC,20,Industrial,1657.654,1697.984,3355.638,13689.59,,245.12333824460774,
anet,ARISTA NETWORKS,45,IT,0.89123,4.44869,5.33992,14722.09,2151.369,0.36271480475937856,2.4821032561127354
br,BROADRIDGE FINL.SLTN.,45,IT,10.953,49.399,60.352000000000004,13705.95,4362.2,4.403343073628607,13.83522076016689
cah,CARDIL HEALTH,35,Health Care,155.0,206.0,361.0,15987.41,145534.0,22.5802678482631,2.480520015941292
cboe,CBOE GLOBAL MARKETS,40,Financial,,,,12795.61,1216.9,,
ce,CELANESE,15,Materials,1820.507,749.497,2570.004,15152.79,7155.0,169.60599335171935,359.1899371069182
ctl,CENTURYLINK,50,Communication Services,,,,14979.74,23443.0,,
coo,COOPER COS.,35,Health Care,,,,15593.38,2653.4,,
dvn,DEVON ENERGY,10,Energy,5368.904,567.536,5936.4400000000005,9214.56,10042.0,644.2456286572556,591.1611232822147
evrg,EVERGY,55,Util,29742.949,,,14161.89,4275.9,,
expe,EXPEDIA GROUP,25,Consumer Discretionary,,,,15817.68,11223.0,,
fmc,FMC,15,Materials,236.324,67.348,303.672,12896.72,4285.3,23.54645212115949,70.86365015284811
ben,FRANKLIN RESOURCES,40,Financial,9.389,24.534801,33.923801,13343.29,5774.5,2.542386547845396,5.874759892631396
gpc,GENUINE PARTS,25,Consumer Discretionary,,,,15361.84,18735.073,,
ksu,KANSAS CITY SOUTHERN,20,Industrial,1458.919,13.895,1472.814,15052.31,2714.0,97.8463770677059,542.6728076639646
ldos,LEIDOS HOLDINGS,45,IT,2.582,70.418,73.0,12909.2,10194.0,5.654881789731354,7.161075142240533
lkq,LKQ,25,Consumer Discretionary,,,,11034.14,11876.674,,
mas,MASCO,20,Industrial,83.286,219.08,302.366,13565.59,8359.0,22.289189043749662,36.17250867328628
maa,MID-AMER.APT COMMUNITIES,60,Real Estate,,,,14917.54,1571.346,,
ntap,NETAPP,45,IT,5.748,97.065,102.813,14316.62,6146.0,7.18137381588671,16.728441262609827
nvr,NVR,25,Consumer Discretionary,,,,13866.79,7163.674,,
pfg,PRINCIPAL FINL.GP.,40,Financial,6.067,36.784,42.851,15231.68,14237.2,2.81328126641316,3.0097912510886973
dgx,QUEST DIAGNOSTICS,35,Health Care,91.209,142.805,234.014,14186.29,7531.0,16.49578571987461,31.07342982339663
aos,SMITH (AO),20,Industrial,,,,6412.99,3187.9,,
ttwo,TAKE TWO INTACT.SFTW.,50,Communication Services,,,,14198.96,2668.394,,
ulta,ULTA BEAUTY,25,Consumer Discretionary,,,,14797.36,6716.615,,
wab,WABTEC,20,Industrial,,,,14403.02,4363.547,,
wcg,WELLCARE HEALTH PLANS,35,Health Care,,,,15902.51,20414.1,,
aap,ADV.AUTO PARTS,25,Consumer Discretionary,,,,10812.78,9580.554,,
aes,AES,55,Util,63497.232,226.143,63723.375,12567.48,10736.0,5070.497426691747,5935.485748882265
ato,ATMOS ENERGY,55,Util,,,,12711.28,2901.848,,
cf,CF INDUSTRIES HDG.,15,Materials,16700.0,896.392,17596.392,9871.39,4429.0,1782.5647654484324,3972.9943553849625
coty,COTY CL.A,30,Consumer Staples,32.12,63.43,95.55,8844.6,8648.5,10.803201953734483,11.04815864022663
xray,DENTSPLY SIRO,35,Health Care,7.56413,76.180281,83.744411,12664.23,3986.3,6.612672937873049,21.008055339537915
fang,DIAMONDBACK ENERGY,10,Energy,,,,13841.56,2046.521,,
dre,DUKE REALTY,60,Real Estate,,,,12611.34,947.87,,
re,EVEREST RE GP.,40,Financial,,,,11217.53,7386.266,,
expd,EXPEDITOR INTL.OF WASH.,20,Industrial,6.15129,42.503449,48.654739000000006,12997.39,8138.365,3.7434237950850138,5.978441492855138
exr,EXTRA SPACE STRG.,60,Real Estate,,,,13261.88,1196.604,,
foxa,FOX A,50,Communication Services,60.395,120.093,180.488,13063.73,11389.0,13.81596220987421,15.847572218807622
gl,GLOBE LIFE,40,Financial,,,,11516.47,4303.751,,
holx,HOLOGIC,35,Health Care,17.307,7.027,24.334,14262.64,3367.3,1.7061357504641497,7.22656133994595
hst,HOST HOTELS & RESORTS,60,Real Estate,104.031,309.473,413.504,12808.8,5524.0,32.282805571169824,74.85590152063722
iex,IDEX,20,Industrial,,,,12691.36,2483.666,,
jkhy,JACK HENRY & ASSOCS.,45,IT,,,,11293.57,1552.691,,
qrvo,QORVO,45,IT,,,,13400.69,3090.325,,
rjf,RAYMOND JAMES FINL.,40,Financial,,,,12623.82,8023.0,,
sivb,SVB FINCIAL GROUP,40,Financial,,,,12954.4,2714.893,,
tsco,TRACTOR SUPPLY,25,Consumer Discretionary,76.312,189.486,265.798,11633.82,7911.046,22.8470098385569,33.598338323402494
udr,UDR,60,Real Estate,,,,13591.81,1046.859,,
uhs,UNIVERSAL HEALTH SVS.'B',35,Health Care,,,,11749.14,10772.278,,
viac,VIACOMCBS B,50,Communication Services,16.18118,171.492266,187.673446,21269.51,14514.0,8.823590482338336,12.93051164393
vno,VORDO REALTY TRUST,60,Real Estate,27.04,256.684,283.72400000000005,12410.5,2163.72,22.86160912130857,131.12787236795893
wat,WATERS,35,Health Care,13.481,19.928,33.409,15057.66,2419.929,2.2187378384157963,13.805776946348425
wu,WESTERN UNION,45,IT,,,,11340.87,5589.9,,
wynn,WYNN RESORTS,25,Consumer Discretionary,,,,14199.8,6717.66,,
xrx,XEROX HOLDINGS,45,IT,102.406,132.659,235.065,8024.9,9830.0,29.29195379381675,23.913021363173957
xyl,XYLEM,20,Industrial,37.325,53.258,90.583,13984.92,5207.0,6.477191145891431,17.39638947570578
alk,ALASKA AIR GROUP,20,Industrial,,,,8337.61,8264.0,,
alle,ALLEGION,20,Industrial,,,,11565.32,2731.7,,
apa,APACHE,10,Energy,,,,8287.83,7298.0,,
avy,AVERY DENNISON,15,Materials,244.316,404.458,648.774,10823.65,7159.0,59.94040827262523,90.62355077524795
cnp,CENTERPOINT EN.,55,Util,21815.30078,,,12465.64,10589.0,,
chrw,CH ROBINSON WWD.,20,Industrial,,,,10546.82,16631.172,,
cma,COMERICA,40,Financial,6.49156,51.629469,58.121029,10403.61,3595.0,5.586621278575417,16.167184700973575
dva,DAVITA,35,Health Care,36.691,259.622,296.313,9382.91,11404.851,31.58007483818986,25.981312688784797
dish,DISH NETWORK 'A',50,Communication Services,,,,9187.6,13621.302,,
dxc,DXC TECHNOLOGY,45,IT,63.122,805.201,868.323,9574.3,20753.0,90.69310550118547,41.840842287861996
etfc,E TRADE FINCIAL,40,Financial,,,,10398.9,3036.0,,
emn,EASTMAN CHEMICAL,15,Materials,6325.63,1384.86,7710.49,10871.53,10151.0,709.2368783418709,759.5793517880012
frt,FEDERAL REALTY INV.TST.,60,Real Estate,,,,9635.95,915.436,,
fbhs,FORTUNE BNS.HM.& SCTY.,20,Industrial,,,,9117.18,5485.1,,
jbht,HUNT JB TRANSPORT SVS.,20,Industrial,,,,11984.68,8614.874,,
irm,IRON MOUNTAIN,60,Real Estate,166.202,167.478,333.68,9398.2,4225.761,35.5046711072333,78.96329205556111
sjm,J M SMUCKER,30,Consumer Staples,187.932,248.095,436.027,11687.36,7838.0,37.30756988746817,55.62988007144679
jec,JACOBS ENGR.,20,Industrial,,,,,,,
lw,LAMB WESTON HOLDINGS,30,Consumer Staples,,,,12285.34,3756.5,,
lnc,LINCOLN TIOL,40,Financial,2.91237,11.0972,14.00957,11929.58,16424.0,1.1743556772325596,0.85299378957623
mhk,MOHAWK INDUSTRIES,25,Consumer Discretionary,,,,9959.8,9983.634,,
tap,MOLSON COORS BREWING 'B',30,Consumer Staples,448.04,679.251,1127.291,10079.34,10769.6,111.841747574742,104.67343262516712
mos,MOSAIC,15,Materials,2430.167,1741.674,4171.841,7181.34,9587.3,580.9279326699475,435.14242800371335
nov,TIOL OILWELL VARCO,10,Energy,,,,9313.98,8453.0,,
nbl,NOBLE ENERGY,10,Energy,2282.66,30.803,2313.4629999999997,10972.15,4825.0,210.84864862401625,479.47419689119164
nclh,NORWEGIAN CRUISE LINE HDG.,25,Consumer Discretionary,,,,11942.07,6055.126,,
nrg,NRG ENERGY,55,Util,51000.0,229.0,51229.0,9895.2,9478.0,5177.15660118037,5405.043258071323
pkg,PACKAGING CORP.OF AM.,15,Materials,1556.087,1339.876,2895.9629999999997,10618.72,7014.6,272.722418521253,412.84791720126583
phm,PULTEGROUP,25,Consumer Discretionary,,,,10739.72,10188.331,,
reg,REGENCY CENTERS,60,Real Estate,0.949,32.924,33.873,10191.23,1120.975,3.3237401177286743,30.217444635250562
rol,ROLLINS,20,Industrial,,,,10884.16,1821.565,,
fti,TECHNIPFMC,10,Energy,,,,8896.59,12552.9,,
txt,TEXTRON,20,Industrial,188.546,480.679,669.2249999999999,10137.14,13972.0,66.01714092929564,47.897580876037786
uri,UNITED RENTALS,20,Industrial,329.9110107,41.19100189,371.10201259,12264.7,8047.0,30.257732565003625,46.11681528395676
var,VARIAN MEDICAL SYSTEMS,35,Health Care,19.82,12.666,32.486000000000004,12894.73,3225.1,2.519323785763642,10.072865957644726
wrk,WESTROCK,15,Materials,5185.754,2006.797,7192.5509999999995,10635.57,18289.0,676.2732039749633,393.27196675597355
zion,ZIONS BANCORP.,40,Financial,,,,8831.73,3033.0,,
abmd,ABIOMED,35,Health Care,,,,8089.54,769.432,,
bwa,BORGWARNER,25,Consumer Discretionary,58.928,282.044,340.972,9188.93,10529.6,37.10682310127512,32.38223674213645
cog,CABOT OIL & GAS 'A',10,Energy,,,,6592.06,2188.148,,
ffiv,F5 NETWORKS,45,IT,,,,8721.48,2242.447,,
flir,FLIR SYSTEMS,45,IT,,,,7134.25,1775.686,,
hsic,HENRY SCHEIN,35,Health Care,,,,10098.66,13201.995,,
hii,HNTGTN.INGALLS INDS.,20,Industrial,,,,10411.18,8176.0,,
ipg,INTERPUBLIC GROUP,50,Communication Services,2.2577,20.9515,23.2092,8941.1,9714.4,2.595787990292022,2.3891542452441734
ivz,INVESCO,40,Financial,0.638,11.292,11.93,8038.46,5314.1,1.4841151165770559,2.244970926403342
jnpr,JUNIPER NETWORKS,45,IT,4.133,79.774,83.907,8150.12,4647.5,10.295185837754536,18.054222700376545
kim,KIMCO REALTY,60,Real Estate,2.69687,42.096398,44.793268,8621.98,1164.762,5.19524146425763,38.45701353581247
kss,KOHL'S,25,Consumer Discretionary,38.553,529.17,567.723,7690.61,20229.0,73.82028213626747,28.06480794898413
m,MACY'S,25,Consumer Discretionary,97.837,631.865,729.702,4853.84,25739.0,150.33499250078287,28.350052449590116
myl,MYLAN,35,Health Care,402.0,332.0,734.0,10157.48,11433.9,72.26201774455869,64.19506904905587
nlsn,NIELSEN,20,Industrial,,,,7116.2,6515.0,,
ni,NISOURCE,55,Util,12033.952,48.849,12082.801,9962.41,5114.5,1212.839162411505,2362.459868999902
pki,PERKINELMER,35,Health Care,11.9,21.526,33.426,10649.01,2777.996,3.1388833328168535,12.032414733498536
pnw,PINCLE WEST CAP.,55,Util,10822.462,16.4,10838.862,9638.1,3691.247,1124.5849285647585,2936.368658071378
pvh,PVH,25,Consumer Discretionary,32.689,107.792,140.481,7670.11,9656.8,18.315382699856976,14.547365586943915
rl,RALPH LAUREN CL.A,25,Consumer Discretionary,,,,5756.84,6313.0,,
s,SP-ON,20,Industrial,,,,9346.91,,,
tpr,TAPESTRY,25,Consumer Discretionary,1.06086,50.14,51.20086,7268.14,6027.1,7.044561607233762,8.495107099600139
uaa,UNDER ARMOUR A,25,Consumer Discretionary,,,,3630.41,5193.185,,
whr,WHIRLPOOL,25,Consumer Discretionary,178.859,574.713,753.572,9577.29,21037.0,78.68321832167554,35.82126729096354
alb,ALBEMARLE,15,Materials,,,,7212.37,3374.95,,
aiv,APARTMENT INV.& MAN.'A',60,Real Estate,,,,7593.11,972.41,,
aiz,ASSURANT,40,Financial,1.557,26.9159,28.4729,7909.34,8057.6,3.599908462653015,3.5336700754567114
xec,CIMAREX EN.,10,Energy,,,,4992.77,2314.588,,
gps,GAP,25,Consumer Discretionary,26.32,382.822,409.142,6353.55,16580.0,64.39581021633575,24.676839565741858
hrb,H&R BLOCK,25,Consumer Discretionary,,,,4590.23,3094.881,,
hbi,HANESBRANDS,25,Consumer Discretionary,90.722,217.673,308.395,5490.56,6803.955,56.1682232777713,45.325843571863714
hog,HARLEY-DAVIDSON,25,Consumer Discretionary,42.017,102.232,144.249,5901.68,5716.875,24.442023288284012,25.232141685798624
hfc,HOLLYFRONTIER,10,Energy,4883.21455,,,8142.11,17714.666,,
ipgp,IPG PHOTONICS,45,IT,,,,7599.63,1459.874,,
lb,L BRANDS,25,Consumer Discretionary,24.399,259.475,283.874,5109.25,13237.0,55.560796594412096,21.445493691924153
leg,LEGGETT&PLATT,25,Consumer Discretionary,,,,6824.92,4269.5,,
nwl,NEWELL BRANDS (XSC),25,Consumer Discretionary,,,,8230.89,8630.9,,
jwn,NORDSTROM,25,Consumer Discretionary,47.957,208.888,256.845,6162.0,15860.0,41.68208373904577,16.194514501891554
pnr,PENTAIR,20,Industrial,,,,7727.23,2965.1,,
pbct,PEOPLES UNITED FINCIAL,40,Financial,,,,7550.73,1922.7,,
prgo,PERRIGO,35,Health Care,49.69900131,98.6289978,148.32799911,7422.05,4731.7,19.98477497591636,31.34771839085319
rhi,ROBERT HALF INTL.,20,Industrial,,,,7196.83,5800.271,,
see,SEALED AIR,15,Materials,182.471,397.117,579.588,5979.76,4732.7,96.92496019907152,122.46455511652968
slg,SL GREEN REALTY,60,Real Estate,10.34599972,94.32299805,104.66899776999999,7100.17,1227.392,14.741759390268118,85.27756231912868
amg,AFFILIATED MAGERS,40,Financial,0.32601,0.85273,1.17874,4283.72,,0.27516737788650986,
ads,ALLIANCE DATA SYSTEMS,45,IT,2.275,39.231,41.506,5017.36,7791.2,8.27247795653491,5.327292329807989
cpri,CAPRI HOLDINGS,25,Consumer Discretionary,,,,5962.31,5238.0,,
disca,DISCOVERY SERIES A,50,Communication Services,,,,5117.41,10553.0,,
fls,FLOWSERVE,20,Industrial,,,,6488.04,3832.666,,
hp,HELMERICH & PAYNE,10,Energy,,,,4620.91,2798.49,,
mac,MACERICH,60,Real Estate,12.74124,47.406,60.14724,3743.53,,16.066984904622107,
nwsa,NEWS 'A',50,Communication Services,28.356311,173.658313,202.014624,5358.2,10074.0,37.70195662722556,20.053069684335913
pwr,QUANTA SERVICES,20,Industrial,,,,5912.3,11171.423,,
trip,TRIPADVISOR 'A',50,Communication Services,,,,3728.13,,,
unm,UNUM GROUP,40,Financial,6.099,18.82,24.919,6396.38,11598.5,3.895797310353669,2.1484674742423593
brk/b,BERKSHIRE HATHAWAY 'B',40,Financial,,,,312541.0,225382.0,,
goog,ALPHABET 'C',50,Communication Services,66.549,3301.392,3367.941,463886.0,136819.0,7.2602773095113875,24.616032860933057
disck,DISCOVERY SERIES C,50,Communication Services,,,,10855.98,10553.0,,
fox,FOX B,50,Communication Services,60.395,120.093,180.488,9571.59,11389.0,18.856637194029414,15.847572218807622
nws,NEWS 'B',50,Communication Services,28.356311,173.658313,202.014624,2800.81,10074.0,72.12721462719713,20.053069684335913
ua,UNDER ARMOUR 'C',25,Consumer Discretionary,,,,4008.28,5193.185,,
viab,VIACOM 'B' DEAD - DELIST.05/12/19,50,Communication Services,,,,8573.32,,,
