,ew,gmv,maxdecor,maxdiv,msr
0,0.0,0.0,0.0,0.0,0.0
1,0.5231345884225453,0.5043505669264006,-0.22395944878652124,0.6732081740057816,0.6732081740057816
2,0.6020670074304559,0.2109583645898029,1.0951577401798918,1.8528684960730741,1.8528684960730741
3,0.9085863068687295,-0.1289615859256044,1.2531700790034772,0.9157526209144241,0.9157526209144241
4,1.1271276842270472,0.191610453182206,-0.053214478084913266,-1.9344253347211453,-1.9344253347211453
5,-1.0312237702065745,0.778256636008597,0.3883889427843588,0.00021619844481533918,0.00021619844481533918
6,-1.2495884630915288,-0.843198100444283,-0.8228032710396137,-0.33869999049873706,-0.33869999049873706
7,2.434802879000306,-2.4323162941300502,2.4518550585966343,2.661893022822137,2.661893022822137
8,0.7617642953582111,2.830887685618807,4.252355897862701,6.100286545584996,6.100286545584996
9,1.2471529912920296,-0.05608006326980443,-0.2837532069641339,0.2757522347127471,0.2757522347127471
10,-0.9832350567698864,-0.1629987452262517,-2.4333483691258033,-2.414008218598276,-2.414008218598276
11,3.1066930512141995,1.1030116995783463,3.100230887964634,3.4450414981392044,3.4450414981392044
12,0.0,0.0,0.0,0.0,0.0
13,1.6461341321458982,0.22487923763254083,1.8236349844202713,2.409657049478496,2.409657049478496
14,1.9063009666607889,2.769655845709777,1.4291760826435036,2.2787649212904904,2.2787649212904904
15,-2.332374878079899,-0.34113868474089876,-2.655954104875304,-2.3665305970754575,-2.3665305970754575
16,0.7197891137234276,1.1343060581058744,1.824216512091629,1.6744715443077614,1.6744715443077614
17,0.3062054057944896,4.897775331680227,-0.46647911173653117,0.6170534141141597,0.6170534141141597
18,1.2020428999836554,-0.1441391384390115,1.5925326750914663,1.9535479201378436,1.9535479201378436
19,-1.5431775356296369,-3.32506935715865,-1.2484584253571862,-1.408257873214519,-1.408257873214519
20,-0.0038148115851162068,1.2857572718563377,1.3450752869284148,2.8396488085486356,2.8396488085486356
21,-1.203471259879281,1.7649536934607524,-3.2137468992070706,-2.7536570601546924,-2.7536570601546924
22,2.7744480284291955,-1.803838789225527,4.256530188524494,3.133916961443305,3.133916961443305
23,-2.0144026860648583,0.12355039692165029,-2.755787706745748,-1.739692134767928,-1.739692134767928
24,0.0,0.0,0.0,0.0,0.0
25,-2.2334850395184023,0.8750275295145725,-4.160561489693207,-2.302541444364125,-2.302541444364125
26,-1.4637784260559534,0.8658269727634371,-5.116088504210026,-3.5695451192723224,-3.5695451192723224
27,0.7595261992453157,0.5191717830144289,2.9683965271407065,1.8789816295541155,1.8789816295541155
28,-5.303915482716833,2.518085051911868,-5.694928147608894,-3.876231844638843,-3.876231844638843
29,-3.2900281984142734,-2.06243726007283,-5.047200095514024,-4.089185113860139,-4.089185113860139
30,-0.351032071199727,-4.409127015824897,-1.1580810641575634,-1.382565609865987,-1.382565609865987
31,-4.610774901107462,-1.6586583065637606,-3.9833894517670547,-4.346453128408092,-4.346453128408092
32,-11.185401810062217,-6.472129961045179,-16.876383760885542,-15.083454562327942,-15.083454562327942
33,13.083919102327584,11.658629699484381,21.13761519644624,19.296283640562052,19.296283640562052
34,-5.96564289966197,-2.258560209668733,-8.25798896165859,-7.287917229685147,-7.287917229685147
35,0.980177552053946,-1.9876887874723508,2.7738715765723043,1.9201049005791095,1.9201049005791095
36,0.0,0.0,0.0,0.0,0.0
37,-0.38016835794535364,1.1452648601856714,3.9902342219293048,4.163796232383693,4.163796232383693
38,-4.692828138619269,-1.6501299585427813,-5.323988662500015,-5.9142681840919735,-5.9142681840919735
39,3.8198297728261403,0.19399967494657497,4.346789826490398,3.90537684187183,3.90537684187183
40,-2.7999513801683755,-0.809778921648439,-1.435111395745689,-1.8343604545832826,-1.8343604545832826
41,-5.153097756389402,-0.916851066173418,-7.566573154671444,-8.767832385221165,-8.767832385221165
42,3.8226021726353885,0.006333742558366418,6.5530178077282315,9.462162158591422,9.462162158591422
43,-6.126534771893844,-7.997145809858636,-6.792355259796663,-5.410159389048381,-5.410159389048381
44,8.071894639251514,2.5584511463235446,9.905666519554735,9.292357433598102,9.292357433598102
45,0.7074711978218831,-0.2961554234304876,3.263837268667414,2.475977795309623,2.475977795309623
46,-0.5493396210927388,1.4278975527964632,-1.2444092312397288,-4.424073558888766,-4.424073558888766
47,3.665944411414332,4.0960654660833,5.292867365256479,7.713249831720888,7.713249831720888
48,0.0,0.0,0.0,0.0,0.0
49,3.0307443887418355,-0.5339775338878299,3.0451627651881252,2.1433009856479646,2.1433009856479646
50,0.5818249452585236,2.1070592305235993,-0.5317431208925759,2.267635280471298,2.267635280471298
51,1.8553944755510279,2.4414673956069533,1.8375643970116522,2.75663084429001,2.75663084429001
52,-1.3798757553010674,0.9773158394229854,-1.0556586115266093,-1.1269585681820156,-1.1269585681820156
53,-0.05041931766270435,-0.9419464569880246,1.160601065914035,0.4444192371717323,0.4444192371717323
54,-1.06970522912048,-1.8465319427252584,-1.0410786826036575,-0.5444328931528594,-0.5444328931528594
55,-0.19472310066068466,1.1044350743955007,-1.177456984751842,-0.7086117315431456,-0.7086117315431456
56,3.4996310559617987,1.1530075410864296,2.3095925841157645,0.3588079357361014,0.3588079357361014
57,0.046451305455477154,-1.6694985751005809,2.9235305447054016,1.0373554261065443,1.0373554261065443
58,-3.8124707126942123,-3.3066509961006627,-3.7740080842703576,-2.9785647113366744,-2.9785647113366744
59,-1.9052844531394906,2.4590623964079135,-0.479050811942153,-1.8336141677650797,-1.8336141677650797
60,0.0,0.0,0.0,0.0,0.0
61,-1.4468903241426176,0.06637093481650931,0.5855938987297826,0.8272694362208729,0.8272694362208729
62,2.396670637372431,0.08282437548439067,2.608337801660365,1.3334328029206144,1.3334328029206144
63,-0.3494073024593065,2.7943554025943245,0.6547552470742646,1.9351747653972744,1.9351747653972744
64,-1.5441621962753171,-0.9349708800413944,1.305097118863913,0.15851960738089843,0.15851960738089843
65,-2.894771737344345,-0.5679236627064111,-1.3321422331024881,-0.2795950656921501,-0.2795950656921501
66,7.330103270589569,1.7690885105173075,5.972976687894638,3.08699192716623,3.08699192716623
67,0.711287574920467,0.8973461386117728,-0.0335163773055264,-0.8421318821755119,-0.8421318821755119
68,-1.6453592971904012,1.2211044426729145,0.9396662027862848,1.5417606276139646,1.5417606276139646
69,2.2335309927587947,-1.1438785029308522,1.134046068873174,0.6323552964306265,0.6323552964306265
70,1.5892078070324698,-1.3002384672494012,1.0011282487272462,0.6328167521414299,0.6328167521414299
71,2.144970538101952,2.0782174942465743,2.3370880451187452,1.7679021735095803,1.7679021735095803
72,0.0,0.0,0.0,0.0,0.0
73,3.2916191108098625,2.8236109185114637,7.297778882252656,8.463580786613374,8.463580786613374
74,2.004278057368733,1.0318020344856802,4.165007696683337,1.4892194753283867,1.4892194753283867
75,-0.9397150092930167,-0.6220922048882171,-0.3529666957816299,-1.3407025080789112,-1.3407025080789112
76,4.335742175361199,2.5722376399419566,4.50087486658174,4.322760381892486,4.322760381892486
77,1.5327954548025606,0.5336478799285284,1.0741420918308136,0.69782091510632,0.69782091510632
78,1.7958132282169046,1.9735914463556856,2.9924006754504013,3.8370085215306124,3.8370085215306124
79,2.169374252914677,2.3012987080656786,1.820170608185965,2.6754535624040154,2.6754535624040154
80,-2.519372202044771,-3.631537049212896,-4.16679750340164,-2.110752060353435,-2.110752060353435
81,0.7768563251620271,3.2091935733630423,1.3266999845905563,1.7969939963513704,1.7969939963513704
82,2.153332641128508,-0.4433055424270363,1.7728491454989868,1.3436343533971824,1.3436343533971824
83,-1.972348348519383,-1.708435543657207,-2.7833393293879816,-0.9793576629258262,-0.9793576629258262
84,0.0,0.0,0.0,0.0,0.0
85,0.9198297411790504,0.5576774861003495,0.447262722941511,1.5462150967923816,1.5462150967923816
86,-1.8697029954901614,-0.6110589802375249,3.632457942754631,1.7946307696159076,1.7946307696159076
87,2.4079194405698208,0.8033693737540183,-0.7040366315867032,0.8368676714207,0.8368676714207
88,1.539430260217987,0.9466030770003575,1.5860058007740194,0.6191264702376729,0.6191264702376729
89,0.4419421619502544,-1.5070488940006646,1.1125101307425433,0.23853301997709525,0.23853301997709525
90,3.059479511240119,3.8525024184624295,2.409052084422739,2.477312690202915,2.477312690202915
91,-0.3627605383941168,2.4898231064758978,2.503851622949092,1.1392711602447843,1.1392711602447843
92,-0.060708443711562365,-0.683730539513639,-0.2094136722132078,-0.07770598324522987,-0.07770598324522987
93,0.07852951534014152,3.397835608015867,0.8018858802522937,1.7728869726518954,1.7728869726518954
94,-2.991564780122813,-0.45345537533398983,-4.1154719400134105,-1.169064964671293,-1.169064964671293
95,4.4753609791461635,0.6492765222903543,3.052021779902841,2.268073064954544,2.268073064954544
96,0.0,0.0,0.0,0.0,0.0
97,-0.7498831980926857,0.07613836530100648,-0.5019627249653777,-1.4892242844945927,-1.4892242844945927
98,0.05918112569567047,-3.243028443181701,0.16217204707847815,-1.8587622612326007,-1.8587622612326007
99,1.44445419875277,1.128111112193849,5.5993099880116635,3.612398078342344,3.612398078342344
100,0.016644891685742902,1.3067170816158233,2.9783723942068168,1.1477316701792042,1.1477316701792042
101,-1.563895062488311,1.344022475300817,-3.246392289495892,-0.6385691195704126,-0.6385691195704126
102,3.121571452255601,-0.6732176068894309,2.739626787791336,2.1400476782607125,2.1400476782607125
103,1.8882025899714092,1.9584919564405785,2.596119538238166,2.816690767642093,2.816690767642093
104,-0.6110785171404733,0.9190993281432611,-0.2602309074845887,1.0934318661755846,1.0934318661755846
105,0.7010282700922674,1.8612792317982245,0.654565823526426,-0.2350412798997475,-0.2350412798997475
106,2.5107300518284377,1.7520530173747686,1.6160307569258558,0.5880119284157602,0.5880119284157602
107,1.6746311111983607,1.802558507990627,2.774739967398676,2.1479419279248213,2.1479419279248213
108,0.0,0.0,0.0,0.0,0.0
109,-0.17126538217881992,-0.18949732832614716,-1.1010766541771235,-1.727078284264062,-1.727078284264062
110,0.9963452716810872,2.9986806419970815,2.1537101326934476,1.9960871515245102,1.9960871515245102
111,0.3127501406883153,3.5514321900162535,-0.975021956361568,-1.3472172330967427,-1.3472172330967427
112,-0.47617464840135754,0.8644130435971941,1.6629181339548313,1.768390654526877,1.768390654526877
113,1.5895733653512556,0.05937997787286755,-2.3396081422713455,-1.327963892580098,-1.327963892580098
114,0.6327401469538443,-0.07221997727313102,-0.5597058232606389,-0.414641998478321,-0.414641998478321
115,-1.7700705771529743,-0.8857560644077843,-2.7468167752770656,-4.129932650213399,-4.129932650213399
116,2.715246075602915,4.448070255105243,0.8139626972611881,0.8367499798698887,0.8367499798698887
117,-0.530604728688095,-1.132943852486867,-1.2016442212395329,-1.22642645362343,-1.22642645362343
118,-2.5539964825505264,-3.7542794584140315,-1.2363448938501735,-2.086385246018274,-2.086385246018274
119,-0.7291468506926864,2.5494630805506873,0.5856938774832671,0.95640512694498,0.95640512694498
120,0.0,0.0,0.0,0.0,0.0
121,1.5140805397922708,-2.554259378083278,6.236726325163609,3.925221420681009,3.925221420681009
122,-1.9806142932283624,-2.818329012942837,0.013395117942332647,-0.7023518832562115,-0.7023518832562115
123,-0.5670249759332624,-2.4034960167710233,-1.3390777147384572,-0.9410165131859743,-0.9410165131859743
124,1.548828052637748,1.3586207981903047,2.488870404224891,4.020924966249882,4.020924966249882
125,-1.4699444483239594,-0.03156882189931304,-0.2585319874112334,0.441948971670951,0.441948971670951
126,-2.9746723681070444,-3.395867955519405,-0.023679482929544197,-1.001430925049407,-1.001430925049407
127,0.12818857034210973,1.7004223319979843,0.3201393954739745,-0.883573926693761,-0.883573926693761
128,2.830739842069398,3.008950151149079,0.9108682992667066,-1.0889602603952528,-1.0889602603952528
129,1.19601909988206,0.0268806457231533,2.423038847647636,2.150059958920037,2.150059958920037
130,1.455007182088832,3.059331600705665,1.9327363819853522,2.1617891131995846,2.1617891131995846
131,-0.38532399256880434,-0.10108001482324815,-0.37637713754063984,-1.0321990091581386,-1.0321990091581386
132,0.0,0.0,0.0,0.0,0.0
133,0.8203267110652159,-1.554194434021887,-0.46022959267479535,-1.5742412965315564,-1.5742412965315564
134,-1.7837175276523454,-1.873821909543922,-2.8019801786649716,-3.30691502769819,-3.30691502769819
135,-0.32784451759672084,-1.1381400271333264,-0.4226526790457015,-1.1112962429429887,-1.1112962429429887
136,1.028890942756046,2.329040493310047,0.4916702524044675,-0.15154244158388663,-0.15154244158388663
137,-2.43575026088193,-2.212830789425398,-2.445802848834405,-1.3943785439567111,-1.3943785439567111
138,1.6823047954497552,1.7707021078492913,1.0598497993447227,0.784139534947465,0.784139534947465
139,-2.1494920039024357,-2.4258261249050657,-1.3382141542924382,-0.9748452548041643,-0.9748452548041643
140,-0.28966556910026764,0.8447915285979004,0.3279860559550468,0.1216035031056378,0.1216035031056378
141,2.5378211522460252,3.7788692920634857,2.9791810956257283,3.589338536814351,3.589338536814351
142,1.2518060685383452,-0.9780160270713724,1.3101021216487718,0.18925085400336789,0.18925085400336789
143,2.034833797028056,2.2809793173056874,2.2685627536232578,2.9907835574613304,2.9907835574613304
144,0.0,0.0,0.0,0.0,0.0
145,1.380563526080157,-0.7447698938373621,0.48968487866046856,-1.440114555176221,-1.440114555176221
146,-0.5607544901233483,-1.6520085673861409,-1.1612783961591326,-1.8742246959800812,-1.8742246959800812
147,2.6319854463981778,4.338601832965063,4.885609049198395,5.424978915554739,5.424978915554739
148,-1.0353928798204661,-1.838980591521964,-2.304790074428456,-2.59202021920908,-2.59202021920908
149,-0.7588329485779859,-0.8258817583328271,-0.518758616425786,-0.6660644531276039,-0.6660644531276039
150,2.480223828811821,1.6615765647583725,2.11320559721856,0.7716686717569434,0.7716686717569434
151,1.3864675279912064,3.5444657283540986,-1.144578667453525,3.6329784084569603,3.6329784084569603
152,3.8831811227191873,-0.5284281441869875,1.7749177421155706,-0.7060031157722751,-0.7060031157722751
153,1.2441147078706172,1.7804637797761185,-2.231286734091717,-0.49247039478954263,-0.49247039478954263
154,1.714526994188767,-0.26167212284314,1.926367217121935,0.35158774257493003,0.35158774257493003
155,0.05347805629164926,0.024247379060838292,-0.5676154644830007,-0.9471975132270225,-0.9471975132270225
156,0.0,0.0,0.0,0.0,0.0
157,2.536769454276391,-0.9533749831849552,0.36139953020934623,-3.076552230962585,-3.076552230962585
158,1.0880075272493224,3.472143774103073,2.8053638015237516,4.421773226933097,4.421773226933097
159,0.46848617005716764,0.23217993354240898,2.1827535838567615,1.2756221335642468,1.2756221335642468
160,-2.395825292643196,-0.37364124167244567,-3.248306058467998,-0.7360027831979846,-0.7360027831979846
161,-0.7632056626879578,0.23599581175621057,2.9370952478597836,3.1302996762573176,3.1302996762573176
162,2.280231569165342,1.583229299303888,-0.22229244031563758,0.9804906602776945,0.9804906602776945
163,-2.0731091093394474,-2.503346060160918,-2.8405640378807395,-2.9384079468663344,-2.9384079468663344
164,2.3009068523307326,1.1644132611748081,0.9664579625306766,0.25037271167126773,0.25037271167126773
165,1.8507158407659552,1.8246071929972136,0.22654820795280892,0.4894248339766565,0.4894248339766565
166,0.9459504131233192,0.06817491591887768,-0.2949627913275399,-0.7726824789908625,-0.7726824789908625
167,-1.9818422216605271,-2.1481881652720904,-2.53585693728166,-2.74868269939583,-2.74868269939583
168,0.0,0.0,0.0,0.0,0.0
169,0.5039913533922642,0.047683728644697776,0.9690786749033939,-0.49377584278622955,-0.49377584278622955
170,-1.4884457417521455,-2.577425220127035,-1.1216085627785997,-1.936849632497473,-1.936849632497473
171,-1.3619755529578632,1.023254412850245,-0.1116021576394324,3.3681149550738727,3.3681149550738727
172,-0.6228897757994818,-2.239457548673359,-1.2240191589249654,-2.264340026690591,-2.264340026690591
173,1.9970030403130774,2.5496233884594166,1.0484789958004932,2.444613205341011,2.444613205341011
174,0.6185827643286059,0.04136140344540516,-1.6432476652607244,-1.1059868917596172,-1.1059868917596172
175,-3.3610252688025506,-0.8942458588980672,-3.0516669124151528,-1.5230339964100263,-1.5230339964100263
176,-0.1976787617940443,1.1874336672141161,-0.5201815918197713,0.056335518638360296,0.056335518638360296
177,0.7006578810241222,0.94835582739245,-0.09150746601289265,-0.2894727596492499,-0.2894727596492499
178,1.4577874458800666,1.4761645054034986,-0.969291194107658,-0.23486841524470592,-0.23486841524470592
179,0.6793257365916385,-0.6923432792052292,1.3801563688778336,-0.8649216474928821,-0.8649216474928821
180,0.0,0.0,0.0,0.0,0.0
181,0.3883142876892829,-1.0777529971300341,-0.9223105449571498,-1.2969237207047999,-1.2969237207047999
182,1.3896319090274616,1.0614471188596644,0.9916413212826756,0.12924169398060836,0.12924169398060836
183,1.426029427359757,1.751894976197919,1.2574939957158708,1.8086736527100447,1.8086736527100447
184,0.5493386247509369,-1.5000562074981472,-0.02660285315690109,-1.1717333995171826,-1.1717333995171826
185,-0.43435012629842557,-0.886010924836009,-0.49986979101435375,-0.833827196421161,-0.833827196421161
186,1.1406620166922132,0.9532576771222421,1.2925823892474577,0.7005895418098269,0.7005895418098269
187,1.6066490361161465,1.0247249623241765,1.9281712280926737,1.5664783323380127,1.5664783323380127
188,0.6198148154764291,-0.9164874825762057,-0.12501236558661719,-1.0336410692297902,-1.0336410692297902
189,0.6667827443588195,1.1038709176058858,2.0619237419643324,2.4134570565128244,2.4134570565128244
190,1.8210791372187527,1.870169304485913,1.1417802201453655,1.786175290579618,1.786175290579618
191,-1.7961561686235206,-1.2526724816388166,-0.4089061967344345,0.6784038773983169,0.6784038773983169
192,0.0,0.0,0.0,0.0,0.0
193,0.00560551760632455,-0.532768616562205,0.28373987647437554,-0.5603109036073792,-0.5603109036073792
194,0.13895600821435194,-0.9027711512492164,-0.8653512203181721,-1.2299182436176903,-1.2299182436176903
195,2.2154855399075926,1.7581720124054412,4.69773557512844,2.129816159852445,2.129816159852445
196,-0.39794557529185215,-0.9933004482451794,-0.46055754080457617,-0.7227570149442044,-0.7227570149442044
197,-1.1880456192073712,-3.647979509734564,-2.915590928964068,-4.358522703385819,-4.358522703385819
198,-0.0219893131148452,-2.2235717709483365,0.8812429385615316,-1.9918484361626563,-1.9918484361626563
199,0.6772008065004262,0.24498194861591063,2.028128521778807,0.15496458301335927,0.15496458301335927
200,-3.351618289328713,-3.0113047657604337,-3.3935565817108984,-2.8799961008529253,-2.8799961008529253
201,-1.1126224624382162,-0.48538270320640275,-0.9905508594232787,-0.5818673654496428,-0.5818673654496428
202,2.069231490930491,-0.8408333757101004,0.7273816213244688,-1.2432079699113259,-1.2432079699113259
203,0.7739682834486272,0.8098984829931501,2.3802179415274924,0.8784268192198604,0.8784268192198604
204,0.0,0.0,0.0,0.0,0.0
205,0.5559627778622116,1.5032329185244961,0.26987017776822575,0.4565402458640779,0.4565402458640779
206,3.3521661930742215,2.610804707958917,3.6431453012537722,2.459994763733471,2.459994763733471
207,-0.18896103533864594,0.9265623801545503,-0.6021917047292811,0.1980837596618651,0.1980837596618651
208,1.2213255609978806,2.440851190437528,0.41812846448789126,2.2179182969096547,2.2179182969096547
209,0.33017092391161973,1.6298951071471508,-0.33954636037750274,0.8751378115065264,0.8751378115065264
210,-1.0190645040896171,-2.9394994992894734,-1.3859828313888625,-2.857409654553093,-2.857409654553093
211,0.3922989006070712,-0.5706556012739545,-0.39049040687554587,-1.2670988826920846,-1.2670988826920846
212,1.0641966698663743,0.6671056036487351,0.4418921807912324,0.7022247426003312,0.7022247426003312
213,2.5667344052701835,2.580152509826238,1.7882895744403955,2.9544505742345675,2.9544505742345675
214,-0.22437257835429492,-2.8654346213740225,-1.9131196031955178,-2.107324031727789,-2.107324031727789
215,0.7023866885688654,3.020506859057706,0.2778712552724747,1.343662098369572,1.343662098369572
216,0.0,0.0,0.0,0.0,0.0
217,-2.0865286002919623,-1.083475292089809,0.37682901853381257,0.23996486476050863,0.23996486476050863
218,1.1670952359330844,0.7182021580358824,2.664956590404148,2.754540702325713,2.754540702325713
219,0.9818042402885268,0.4845523971575388,-0.6946155754945346,0.40771964562838475,0.40771964562838475
220,-0.0542835255964047,-0.8388219992541971,0.578664585676922,-1.8396840198420372,-1.8396840198420372
221,-0.9404984758247393,-1.051114960472509,-0.7782461420417043,-0.9344167025492962,-0.9344167025492962
222,2.197219218838037,0.7038640625442824,2.683096528827198,2.023254507905666,2.023254507905666
223,0.65945319224743,1.5758558371709517,0.9737033393447925,0.22851867261357556,0.22851867261357556
224,-0.0435249751477782,-1.493811472207111,-0.6809521258335498,-1.6320894296547377,-1.6320894296547377
225,0.8178593982468882,0.013757805518208361,0.5088578434226809,0.794329412991823,0.794329412991823
226,-1.4521217219973783,-2.20762828032637,-0.5466877243800047,-3.3462997344442336,-3.3462997344442336
227,1.5568399427938133,0.5776139611833147,1.2512640037834324,1.4252642243220421,1.4252642243220421
228,0.0,0.0,0.0,0.0,0.0
229,0.34896511872429414,0.5942622787514766,1.2197971024649672,2.808086771080105,2.808086771080105
230,1.3050665197289046,5.127743079909645,3.9265400397887875,6.6057671961444315,6.6057671961444315
231,-2.0588017875563756,-1.1404569160654996,-1.7381256871650845,-1.0189891374353703,-1.0189891374353703
232,-2.8062101406535507,-4.656127987696397,-1.6471715497848847,-1.7869708491520846,-1.7869708491520846
233,0.7571156076857903,2.565512628714221,0.2008938540678152,0.7267670837826116,0.7267670837826116
234,1.0048684313242309,2.007661322881018,-0.5895524962967635,-0.5843475685984282,-0.5843475685984282
235,-3.0985352417533005,-1.8696328626875744,-2.777436045041677,-2.2449590737858247,-2.2449590737858247
236,1.0092848493429112,-0.5828077245561127,2.4299044536267895,0.5189050676043749,0.5189050676043749
237,0.6452706217597031,1.3065799102002469,-0.8357730682902211,-0.3555435825223299,-0.3555435825223299
238,3.699437378610076,3.127124408073086,1.5631295755102506,2.3325281793386363,2.3325281793386363
239,-0.18763041971086536,1.0486870493321414,0.16831142288844372,0.5684287099328069,0.5684287099328069
240,0.0,0.0,0.0,0.0,0.0
241,3.3018940557011134,1.1452000718149475,3.039451330574297,1.83659995563031,1.83659995563031
242,-0.49758561005059204,-0.035363377896784724,-2.284754563226592,-1.1560230898369939,-1.1560230898369939
243,0.6006867032348868,-0.46187243597311056,0.1352272962918789,0.7261182845053309,0.7261182845053309
244,1.6472612353806668,2.786720840794361,3.2382182196551335,1.3098427583367587,1.3098427583367587
245,1.2470574135650319,0.2088088858852889,-0.09395903431951894,-2.2521497429824624,-2.2521497429824624
246,0.530531574233096,2.8733806469838026,1.2751449759155213,2.3852951625903325,2.3852951625903325
247,0.7961508941335791,0.24133007886305047,1.1351216357343195,1.6213111214835207,1.6213111214835207
248,0.8307000093931602,3.148263027933663,3.8703353622327104,4.007117389468521,4.007117389468521
249,0.7035610907224883,-1.1354494035045883,1.5171161350416849,0.20333395295642015,0.20333395295642015
250,0.530080431001948,0.15502224273294896,0.7272879738659329,1.0828186420837635,1.0828186420837635
251,-0.13987438026539234,-0.5545480910647165,-0.08166365917675651,-0.3697718706727463,-0.3697718706727463
252,0.0,0.0,0.0,0.0,0.0
253,1.4311839778104127,-0.2658527586637256,3.0322375236630945,2.1705508615238815,2.1705508615238815
254,1.6520303311445468,0.1934462170821536,1.3468723963456002,0.7312085341898826,0.7312085341898826
255,0.44593386373228916,1.2920267074911902,0.4751923875059496,0.4851079079774807,0.4851079079774807
256,-0.19478197903879835,0.46128772815202823,-1.2300583153062494,0.07159543905744667,0.07159543905744667
257,1.0835616525534575,0.2335907606592222,3.622820767127618,0.9230582710894565,0.9230582710894565
258,1.6592345793190435,1.2767767597065935,1.2123406737016609,-0.2389771391548214,-0.2389771391548214
259,-0.6589417385063989,0.7175731970984648,-0.9659537567825335,0.4596259019091132,0.4596259019091132
260,2.8610563488703513,2.674404884800327,3.150023535028538,2.9209099842070527,2.9209099842070527
261,-0.7239287843224236,0.5382120879706381,-3.0244264472754625,-0.7233337121193547,-0.7233337121193547
262,0.3534330280582749,0.8957625403276402,1.4413989290333475,1.718665237331302,1.718665237331302
263,-0.6015558708037103,-0.750909546010524,-0.3342639596735785,-0.8891199402298102,-0.8891199402298102
264,0.0,0.0,0.0,0.0,0.0
265,-0.844930621984399,-0.6963806649373133,-0.4276860256512611,-1.3718956512915272,-1.3718956512915272
266,2.4652399181192886,2.7133050131938257,6.598161421282262,2.5703954153871824,2.5703954153871824
267,-0.26259527285089823,-1.6697515757171963,-2.7693507166712314,-1.9955172413881288,-1.9955172413881288
268,0.2874815533196686,1.5970771681077078,-1.504365756891394,1.8972779204942942,1.8972779204942942
269,2.470832181528973,9.113829502487153,2.2717861309831235,10.800136315907885,10.800136315907885
270,0.04724078243817309,0.459045167951904,-1.0491177535788008,0.22795903465627304,0.22795903465627304
271,1.27968599089504,2.718137476622261,3.0875655916585862,2.940250776143548,2.940250776143548
272,-3.4795532119289407,-4.851800699139215,-1.3015993534956054,-4.174499178749066,-4.174499178749066
273,-0.3988639752678278,2.5255874227994624,-0.600483572280396,2.5360711945890584,2.5360711945890584
274,-0.317549566414594,1.3510122890301075,-0.6811941085752355,2.3644543411427805,2.3644543411427805
275,2.611600606411412,0.9931323611881697,0.6080478526692898,0.48448725143188226,0.48448725143188226
276,0.0,0.0,0.0,0.0,0.0
277,1.1409723155687594,1.6167214440102402,1.1674830909033551,3.9464918907721462,3.9464918907721462
278,0.8245066602960139,0.48652343194407466,0.08322871494458885,0.15543522834223616,0.15543522834223616
279,0.8653224979110625,1.421812324753607,0.6112533597296248,-0.10411505399826156,-0.10411505399826156
280,0.7979487350453068,0.25967810263221025,-1.3501238777074294,-3.0305133064519216,-3.0305133064519216
281,-0.6723346465298063,0.6149371587940706,-1.1562265633187196,0.3040344176470684,0.3040344176470684
282,1.5556969773247447,-3.484890402425458,2.460035312496179,2.784873678972201,2.784873678972201
283,-0.33947177239020876,-0.6968287147039126,-1.2149273853348206,2.6259325472714443,2.6259325472714443
284,1.869587825781858,1.9583054900635177,2.9403503357327034,5.464759185343327,5.464759185343327
285,-0.5469931298714719,0.8012665954413594,-0.5190239744790055,-1.251581651018487,-1.251581651018487
286,0.9848278434695514,-0.14066496815403315,1.0664482720979223,1.596440369131109,1.596440369131109
287,-3.167328615832125,-1.711531920147169,-4.1176116088212025,-4.483034971830464,-4.483034971830464
288,0.0,0.0,0.0,0.0,0.0
289,-1.910706453101521,-2.2785412781755165,-1.6931658938498888,-4.0978006408017045,-4.0978006408017045
290,2.8934057468058216,3.5227419273091094,0.8996143455241384,1.3834098789440188,1.3834098789440188
291,-0.623463750201569,0.07572057426580488,-0.13143519054694655,0.15606550218954934,0.15606550218954934
292,2.088841955343156,1.3485279435870876,1.2005822958045405,-1.0854362919188951,-1.0854362919188951
293,-1.819305198903699,-0.19429795798515717,-0.8968871637443794,2.8231443835104564,2.8231443835104564
294,-3.4097028305110912,-6.6981771235352525,-2.6104374694675077,-3.2470646682964177,-3.2470646682964177
295,1.6743057299889426,0.5347544837163001,1.742198766395197,-1.2594825327872712,-1.2594825327872712
296,-3.239854815190241,-5.909355649093859,-1.601539170701842,-3.3142770181334194,-3.3142770181334194
297,1.5626557824872882,1.438344883469706,0.0634631240945072,-0.7800079179124771,-0.7800079179124771
298,-0.9057025507877292,-1.7493653771338689,-1.711581937569763,0.9577169358571505,0.9577169358571505
299,4.657899861496493,4.3532383996607,4.198632759708367,6.134856792292944,6.134856792292944
300,0.0,0.0,0.0,0.0,0.0
301,3.542808150165153,4.215070741775141,3.7027098130126337,4.6022131696416535,4.6022131696416535
302,0.20699138006378348,-2.0665191103257032,0.03316891277416313,0.9682315942915928,0.9682315942915928
303,1.886593538427403,0.40715545377727774,-1.2252091023921996,1.8161993597762518,1.8161993597762518
304,1.085894684033841,0.11518722475175198,1.9426874998267327,1.0576722617245826,1.0576722617245826
305,-1.4349263707655913,-3.301676941148563,-1.0150321537056628,3.280252731430215,3.280252731430215
306,-0.8697693536826423,1.1651025104925514,-1.4715155534814175,-2.8850448052987274,-2.8850448052987274
307,0.07433323716856255,-2.924384379782759,-0.8018579579283862,-2.486460988119796,-2.486460988119796
308,0.11750054720288472,-1.8981349405876597,2.1324640436455335,3.190528466583755,3.190528466583755
309,-2.2918052060601903,0.7675564570777127,-1.7413978422354772,-5.94651727364734,-5.94651727364734
310,-2.3289369379333538,-4.818905778498326,-0.9867399184726396,-0.9953019925336484,-0.9953019925336484
311,-0.2459178290279509,0.13165472685802887,-0.670036578259731,-4.130190987359509,-4.130190987359509
312,0.0,0.0,0.0,0.0,0.0
313,0.4629857092549987,-0.035056048863637036,2.2042324618718365,3.6517996055327644,3.6517996055327644
314,-1.40129966380632,-1.29317907100662,-0.6173893291034745,-2.2340392820732737,-2.2340392820732737
315,3.3121520793833894,2.7867996878428336,3.0780390871847145,1.6025933515798692,1.6025933515798692
316,-2.0559472521034174,0.3055343389170715,-1.7302528314496326,-0.8916457861451472,-0.8916457861451472
317,-5.605660503772502,-7.061515317574156,-7.081255759044583,-4.3144425777600635,-4.3144425777600635
318,-1.8733750873330721,-4.3221120717192765,-1.4782156635177517,-1.6357864388969228,-1.6357864388969228
319,-2.82184466306339,-2.2432705674635183,-2.5680725595965797,-7.831500220381351,-7.831500220381351
320,3.442778983594677,6.739291391340625,3.7713238307338233,4.884707817164406,4.884707817164406
321,-1.1916454311423514,-1.5628537914626577,-3.545124760746571,-9.020875021770102,-9.020875021770102
322,0.6123872285917185,1.1422055457953941,-1.1547081910644317,0.28120768515226857,0.28120768515226857
323,-0.6345166452661637,1.1387274848324078,0.2808733915691112,5.92608968839444,5.92608968839444
324,0.0,0.0,0.0,0.0,0.0
325,-4.34000320597578,-2.643894717402534,-3.648398790419019,-3.2380565496860783,-3.2380565496860783
326,-1.6296949646051515,1.7770049319961982,-6.568259089274882,-0.10280479113789405,-0.10280479113789405
327,0.6666220408155374,0.5875019025557888,-1.291746758515906,-1.5394275548862186,-1.5394275548862186
328,2.620007345927185,-0.5211918782806918,4.317063454696822,4.705188210320811,4.705188210320811
329,2.2155685665833413,3.9465582886129487,1.2725677709196133,1.7918876913860213,1.7918876913860213
330,-0.2092238513157929,-1.6921879743577628,-1.4118734180259875,2.2994750163862823,2.2994750163862823
331,-1.561473525948557,-2.2169873462439664,-2.2666281429315775,0.8823212707291244,0.8823212707291244
332,3.018540302652364,0.8672146282169264,1.3845336041287206,4.820479145399567,4.820479145399567
333,2.605170968218046,3.5521389161930594,3.9092989512276834,0.6934826451131764,0.6934826451131764
334,1.9765848195156397,4.919094562168634,1.7216053589781222,2.975643782201678,2.975643782201678
335,0.2142138447768309,0.25726672288106156,-0.7178523599024711,2.527298097633121,2.527298097633121
336,0.0,0.0,0.0,0.0,0.0
337,-0.9905330535851424,0.3143103784328589,-0.8464301554697333,-2.1395994096597724,-2.1395994096597724
338,0.021650590634693323,-0.09916661719151548,4.275928057195733,0.31016843176255493,0.31016843176255493
339,-1.356134059151982,2.2385466036702693,-0.6122228822017335,2.8862727255240284,2.8862727255240284
340,-0.9986138180570058,-0.36487669038503207,1.1559707651681221,1.6431018124540453,1.6431018124540453
341,-3.2693646755315067,-3.8749039385177424,-3.0825236033655465,0.6575806855389933,0.6575806855389933
342,-1.9860628624959429,0.682501116075007,-2.3599545159121367,1.1970155286584943,1.1970155286584943
343,-1.7335068287749371,-1.6774976422716044,-4.855962330460313,-8.430886081869838,-8.430886081869838
344,-3.849427761167762,-6.573899023793792,-1.6596825571952423,-2.089805485262182,-2.089805485262182
345,4.696815367006904,4.326251443593683,4.009636125190469,1.1001402598738848,1.1001402598738848
346,-1.3539651072139225,-1.2046483969946316,-2.118465467794357,-1.9398592483748682,-1.9398592483748682
347,2.610807665996806,5.256244817234129,4.945100899110237,0.4647248794517654,0.4647248794517654
348,0.0,0.0,0.0,0.0,0.0
349,-0.690278616875966,5.966436208689093,-0.3958546562462046,-1.6562345467685253,-1.6562345467685253
350,-0.3050336696759943,-1.0826680079656528,-1.7479266641850635,0.4097405349149922,0.4097405349149922
351,0.9446051899286381,0.7931870282227362,1.1188453061393817,0.42439329808075454,0.42439329808075454
352,-3.2735375333678802,3.234045352223168,-6.313882733928758,-2.549866781075574,-2.549866781075574
353,-0.4420975114726222,-0.8284919299816862,-1.592556451717449,-0.9700065814054271,-0.9700065814054271
354,-3.353613764326858,-4.03374530491885,-4.825026455954161,-0.42423983468009957,-0.42423983468009957
355,-1.875447080198445,0.4053883785158431,-5.9523139405093355,-1.1003335203121416,-1.1003335203121416
356,-16.278548903115755,-15.027510351317169,-20.113792053265385,-18.097304868558776,-18.097304868558776
357,-0.7216890003704539,-5.631948049995012,-0.48715546400136267,-0.1028752942480752,-0.1028752942480752
358,-5.229194500911485,-7.787224032668187,-2.6835702341289442,-1.5009492019493254,-1.5009492019493254
359,-2.8615599363733466,-2.5538194102018417,-1.4158841613576252,-3.9467341423603663,-3.9467341423603663
360,0.0,0.0,0.0,0.0,0.0
361,-11.98825401953455,-11.761240506861617,-10.700076584103883,-5.953513106458118,-5.953513106458118
362,-6.169538720855744,-12.519810464751806,-3.9092990976584336,-9.245585213386404,-9.245585213386404
363,1.9790192059006415,-4.769829630795346,5.347468089480313,7.995383141561631,7.995383141561631
364,-0.8062064698500319,3.481577531477157,-2.4995381274362956,-1.5726501445620786,-1.5726501445620786
365,6.242059287065078,6.021670688645023,3.5236088375379495,5.6374418689511785,5.6374418689511785
366,5.60330551314618,6.933908881957185,5.494507262793595,0.4868357100220288,0.4868357100220288
367,-5.005985751353041,-4.51645744852121,-0.7793091929006818,-2.708837436641909,-2.708837436641909
368,3.6866279653393406,4.335595193766101,3.407233550103067,-0.25370262140468425,-0.25370262140468425
369,7.409890055655488,4.117940350754093,0.7997092805539585,0.5602098550865678,0.5602098550865678
370,-7.994024335757696,-8.395148016785019,-6.272022151706813,-4.849132862030221,-4.849132862030221
371,-5.868347838708464,-9.201332068845195,-4.8520940649322375,-3.502061679860452,-3.502061679860452
372,0.0,0.0,0.0,0.0,0.0
373,-1.138557411433612,1.3956558748606815,-1.149895567518276,-1.122072788858514,-1.122072788858514
374,-0.38012746338544545,2.2471401336629415,0.043892922223079375,-0.7987083334811511,-0.7987083334811511
375,-5.767006036889467,-3.807721514441938,-4.3575237578766846,-4.397743157964964,-4.397743157964964
376,-2.2874267852916423,-8.669229811972286,-1.9235961668307002,-0.5112805704994935,-0.5112805704994935
377,-10.964515898972437,-10.755200583538425,-10.15229787816809,-7.418918092681023,-7.418918092681023
378,4.504365174297892,0.2228707275776396,2.566700900178808,1.6991514409923112,1.6991514409923112
379,7.005145376123101,9.707954573072849,3.8275232220633004,4.277855507544081,4.277855507544081
380,4.126969699227422,8.601163522059407,6.868114211905437,6.078152731894789,6.078152731894789
381,-0.37399729104544277,-1.5809321586991578,0.5896769789028841,1.7442354738084043,1.7442354738084043
382,4.844592937486965,1.3289988138472684,2.043611255485387,-0.07214581346370083,-0.07214581346370083
383,3.682533463746619,5.506363040479202,1.1064129460564638,0.6890921679913229,0.6890921679913229
384,0.0,0.0,0.0,0.0,0.0
385,1.7687996413375193,3.799596500801787,2.166423469467414,0.7188978580969255,0.7188978580969255
386,5.250922682161862,21.693121659549693,-1.039083181983267,-0.8541770176299677,-0.8541770176299677
387,-1.7706839095334281,-3.877551000262132,0.9958217696003511,-0.48707605220739814,-0.48707605220739814
388,-0.7070226125626173,-0.4200129307760643,1.4581079047932088,0.6828930413436599,0.6828930413436599
389,1.5758024839720028,0.5747392881404101,1.4317047179782516,0.797733046672045,0.797733046672045
390,4.9881082500988585,3.4241209246814974,1.7252207140979086,0.6844335424079482,0.6844335424079482
391,-0.4860297691089668,-2.0363603909334764,-0.4959883746134017,0.12804144995490793,0.12804144995490793
392,-4.184735059581417,-7.236752315110634,-4.553809317663539,-2.5360618848513985,-2.5360618848513985
393,-2.518304705516064,1.088555462450968,-3.4259323420215253,-2.5038279123583345,-2.5038279123583345
394,2.66512540637352,3.3517656151560846,2.688729718064605,2.8515013835342464,2.8515013835342464
395,-4.455000688031273,-3.609142526456629,-5.825312298027942,-4.445770390296641,-4.445770390296641
396,0.0,0.0,0.0,0.0,0.0
397,5.637639623648036,6.793071838118523,4.877382579301614,3.166332394638566,3.166332394638566
398,3.8109045365481182,5.335441607462967,3.6599455794839626,2.229446221948448,2.229446221948448
399,3.857447096484984,2.629095903176993,2.832455823958398,5.204351833232955,5.204351833232955
400,-0.036769388197087194,0.7898365995450423,0.877914592151742,0.5774446397722044,0.5774446397722044
401,-0.8544254438493578,-5.788207975733416,-0.34627911254887056,-0.4937963061623352,-0.4937963061623352
402,4.473205929943445,3.159933104667619,3.706706288573358,2.1568882340791946,2.1568882340791946
403,-2.643328137955927,-3.4513651871734203,-3.147586380091045,-1.9370077049736374,-1.9370077049736374
404,3.518998645509523,-0.083955635931494,3.0356333625609637,2.0946475122802943,2.0946475122802943
405,4.200519857128824,0.6898991691629237,1.693003928235759,1.9575039532405925,1.9575039532405925
406,1.96045228167205,6.9044272649160385,0.14254089045218343,0.8576293377763502,0.8576293377763502
407,-1.4341040448073878,-1.6351684464301117,-2.828186052201911,-1.193237840536223,-1.193237840536223
408,0.0,0.0,0.0,0.0,0.0
409,2.1458685895428906,4.335728225731778,2.1942312908600465,4.320407822183184,4.320407822183184
410,2.155832856677009,8.796719995062139,0.6279773825442078,-4.095494809131512,-4.095494809131512
411,-2.6231954292039585,-1.6463615860434895,-0.411206405350582,-2.005769333797547,-2.005769333797547
412,-1.0469562664548986,8.347282509386797,0.6745930327981163,0.031022381932247423,0.031022381932247423
413,4.649100488077012,4.902667666722498,5.617410709243984,4.920366781715824,4.920366781715824
414,1.4915706610671826,4.611356450858841,1.9046726477494724,2.174165934800953,2.174165934800953
415,-1.359254777694521,-1.9584532234627052,-0.347127464920909,-0.4159572404005803,-0.4159572404005803
416,0.561854599252682,2.4443167174546874,0.854888329759997,2.0796898119654776,2.0796898119654776
417,0.2807383090126021,-1.7038375328048674,-0.07219484772067103,-0.46549594774251596,-0.46549594774251596
418,2.694740281377959,4.347688302756314,5.124756749993907,1.6446100970791755,1.6446100970791755
419,1.1041897274550896,-3.7049408786871885,1.9505931467807305,1.3820263085972406,1.3820263085972406
420,0.0,0.0,0.0,0.0,0.0
421,0.2359257171950695,-2.125321663383864,-1.7110821086088561,-2.7204728102306586,-2.7204728102306586
422,0.13412444325183803,2.2497073295223413,0.15655266358340358,-0.5509779892846385,-0.5509779892846385
423,1.4401589144624132,0.8090271945468244,2.1522979366154593,0.5425279142346672,0.5425279142346672
424,-4.341165592670546,6.80674331937417,-0.970823774408008,2.699516532517558,2.699516532517558
425,1.102452659980752,4.350342627625495,2.6492034002374063,3.2528840268764987,3.2528840268764987
426,-2.905554156397611,0.3859419937447104,-2.05504635113841,-2.5702430807188823,-2.5702430807188823
427,2.5594295669492806,3.6787406085766077,0.10143530699275967,0.9222949852006135,0.9222949852006135
428,0.2866806635744332,0.4208411071210434,0.4276539125817701,-0.3221523000651343,-0.3221523000651343
429,3.435203115382577,5.150478983513676,1.3345744378892461,0.7450079991037623,0.7450079991037623
430,2.070048614755917,0.14393374737295045,1.1606530566502378,1.8506097029875472,1.8506097029875472
431,2.0608378720127325,2.878907635427997,0.02303591692846804,-0.27232094947903573,-0.27232094947903573
432,0.0,0.0,0.0,0.0,0.0
433,0.2348442436794744,-0.29056992793712877,0.07530610010539879,0.4448674886718558,0.4448674886718558
434,2.0372086619501055,2.5747965713019028,3.051630104347352,3.164487298579987,3.164487298579987
435,0.4020276534712015,5.101895570595297,0.5448982725928719,1.0812556462704337,1.0812556462704337
436,0.8903907924715753,2.6939179851642625,0.41581131609504474,0.9283469798236407,0.9283469798236407
437,-0.16094892251185655,-0.5667455494096968,1.2171375393120976,2.6336886332059786,2.6336886332059786
438,-0.00090477665679356,2.1361782694787648,0.06143017488152389,-0.14685643096857257,-0.14685643096857257
439,-1.289126979607527,-6.165682262121903,0.07228728998324804,0.5558408680740935,0.5558408680740935
440,-2.8943668184733173,-0.4421413114777696,-2.3759358987546735,-1.9988318361544681,-1.9988318361544681
441,-4.563518166772921,-6.193786987314248,-4.507279083301771,-3.973599089953507,-3.973599089953507
442,-0.17736424163264508,1.3693112460958052,-0.7571640295331744,-0.38595011366326976,-0.38595011366326976
443,-1.0937457620633626,-4.485769877655328,0.12052877574954113,-0.5909028908197941,-0.5909028908197941
444,0.0,0.0,0.0,0.0,0.0
445,-2.6107968793219416,-6.504398826966145,-3.033577740891587,-2.853626778168828,-2.853626778168828
446,-5.088119629999833,-7.791230161206015,-4.397654005991777,-4.116019670631474,-4.116019670631474
447,-1.6066727782289478,-2.489965303757892,0.05681641436702851,0.023519859453869658,0.023519859453869658
448,7.192828039233742,12.997976697108344,5.798489236564035,5.583312325766807,5.583312325766807
449,-0.06270983211341252,-5.001234872790787,0.22905638938890285,-0.05842119995662947,-0.05842119995662947
450,2.7144606867481618,7.285844273998471,-0.6197250212296196,-0.24332671006521137,-0.24332671006521137
451,0.5518160757699204,0.8723571817971673,1.1012005922760542,0.9574907899147886,0.9574907899147886
452,0.5885394414425102,2.732568614489085,0.07970337178222808,0.2910283007559801,0.2910283007559801
453,-2.3808938967625255,-8.301180872185693,-0.8384171536493925,-0.7604993630273773,-0.7604993630273773
454,-3.4024728030224134,-6.2922351140887525,-2.765552107667989,-2.5172647354262154,-2.5172647354262154
455,0.17145202274447868,4.299612218502424,2.724589493907359,2.6328390218071025,2.6328390218071025
456,0.0,0.0,0.0,0.0,0.0
457,2.9909246682451394,6.920299513323991,2.3060228619853627,2.4530799441316455,2.4530799441316455
458,2.0720352387603898,-0.6835280197960832,3.019767498903816,3.662184711269762,3.662184711269762
459,1.4366851338470572,2.67295845445025,1.3866815185823504,1.3092015800634298,1.3092015800634298
460,1.6892844261675244,3.8697203593880967,0.05696828839766432,0.22715992548844216,0.22715992548844216
461,0.8819622614206738,7.347244095578119,1.2292043636231598,1.190351173071507,1.190351173071507
462,-0.1890268165161042,-4.277445088967278,1.5370868966361342,0.20936873606468737,0.20936873606468737
463,2.5108683608186433,-0.3121444746920763,-2.5331407191144937,-0.7016730635808851,-0.7016730635808851
464,1.3458035155466346,1.553226212550005,-0.0850976912458241,-0.36672615752997834,-0.36672615752997834
465,0.5998453879620704,-5.60354505713286,0.7699459837934287,-0.6424285513109772,-0.6424285513109772
466,-2.439600898564753,-0.945180729503853,-2.6392043099790836,-1.4654924481963616,-1.4654924481963616
467,1.5516551380069368,0.1718994936911772,0.3871337838056112,-0.064840670345967,-0.064840670345967
468,0.0,0.0,0.0,0.0,0.0
469,3.361032502748517,7.736830471909688,1.636764987580516,1.57923157312936,1.57923157312936
470,0.2333946860075273,-1.5358794541909817,-0.4613496269462119,2.588070174406243,2.588070174406243
471,1.1931933638498042,2.6958507220879353,0.28346803114619656,1.198809100551565,1.198809100551565
472,-0.06171736204157585,-0.4194800217480839,-0.3958170537200895,0.8991607113821645,0.8991607113821645
473,0.4521106720461609,2.6639104559476214,-0.05134766952263828,0.9363376969410343,0.9363376969410343
474,1.0893748670854941,0.5122029979698222,-0.2287973894576877,0.03869227946767093,0.03869227946767093
475,1.9412077369543301,2.4325271648476403,-0.43156430818133185,2.1466791300354284,2.1466791300354284
476,-0.07260814992958697,-0.10084302789600676,0.5552154452350986,0.393824537900309,0.393824537900309
477,1.1527397809529758,0.08332863235971355,-0.9477932308897014,-0.46424285004454774,-0.46424285004454774
478,1.6119329648467895,1.428300499361469,2.106575446023786,1.2317614279112639,1.2317614279112639
479,0.3562998966178137,3.5726945018106804,-3.0999459137373084,-2.4112435274038724,-2.4112435274038724
480,0.0,0.0,0.0,0.0,0.0
481,-0.1682496796337447,0.27417938785990237,-1.349090344294852,-1.5757393490403615,-1.5757393490403615
482,1.190555573526453,2.2122328228956794,3.80342253232972,2.2412308947702964,2.2412308947702964
483,-2.981720469084648,-6.8459354474008745,-2.080577782837224,-1.5401187222690786,-1.5401187222690786
484,0.9436050737931452,2.0872760354391238,-0.30792260404556343,-0.5871970627091794,-0.5871970627091794
485,2.486606452914855,1.898967099198111,0.1747240930138691,-0.6856389366532678,-0.6856389366532678
486,1.5005144258954386,3.407098426964561,0.18606973997272136,-0.034329274548196176,-0.034329274548196176
487,-1.964175144086583,-2.4403257889022583,-2.287441251145593,-2.2940925384678925,-2.2940925384678925
488,0.9085985234204761,2.65328000673116,-0.9978732893630852,0.9705413100652112,0.9705413100652112
489,3.2076745560635356,1.147234078486254,3.277112631925628,2.340458937906937,2.340458937906937
490,0.3245204120002365,-1.1008528659468866,2.5101220164380234,2.626418313975774,2.626418313975774
491,1.3669687237635846,1.3781182700213992,0.30076884095263556,-0.3834187133466004,-0.3834187133466004
492,0.0,0.0,0.0,0.0,0.0
493,-0.44649125640088144,0.6142454438572752,-0.05831526119953211,-0.14223838768659097,-0.14223838768659097
494,2.7050741988447657,5.152598382833733,-0.8963850795646705,-0.3324112495890173,-0.3324112495890173
495,-4.115753136699746,-7.452124753045142,-3.6081319212860183,-1.5716269936339688,-1.5716269936339688
496,0.27123945457282983,-1.7799381341054414,1.1739164522833123,1.2952921943551217,1.2952921943551217
497,1.05116541207908,2.3270152691217576,1.260198261785025,0.22835092373596202,0.22835092373596202
498,0.5532351610301336,0.5495888924010377,0.987279041643657,1.1462026751749173,1.1462026751749173
499,2.9513510654162904,4.921761659669555,1.8536209122657181,1.2723552253316646,1.2723552253316646
500,-1.5305091771856618,-1.354137980044918,-2.2597409759124867,0.13679252844854564,0.13679252844854564
501,0.3159776754203889,-1.5592247168193767,-3.9273766039546083,-0.7542115912692646,-0.7542115912692646
502,-0.15346405277006214,2.0752847418392664,1.3982420837309892,0.8174834523715717,0.8174834523715717
503,-6.7927920913791855,-8.492005646240584,-4.394383111609295,-2.824984736362407,-2.824984736362407
504,0.0,0.0,0.0,0.0,0.0
505,2.2716874888536918,5.362308938934148,2.781771979110683,2.925957363282263,2.925957363282263
506,-2.603715976891921,-10.179863730050265,-0.5508362840920987,-1.3861231792544486,-1.3861231792544486
507,5.219938951524998,2.6659643547228544,2.166114799545882,2.803184469563468,2.803184469563468
508,-4.026642233139418,-4.213623813617744,-4.493581052997991,-2.0088349469974323,-2.0088349469974323
509,1.3693431050510723,1.1295436071810379,0.1801116115216326,-1.497139789117836,-1.497139789117836
510,2.7061793830328598,10.08244159762071,2.687932788212967,3.9165796831926025,3.9165796831926025
511,-2.524632321567756,-6.873040058432895,-1.4277709036675676,-1.8140617145454536,-1.8140617145454536
512,-6.085165936935883,-10.255565026400074,-6.521382612736241,-6.9754746078988035,-6.9754746078988035
513,7.211284784678505,3.9551701599576052,7.02217146297662,4.423846165160661,4.423846165160661
514,2.6150337433934854,10.025823023801934,0.28672710212993846,1.1951056249148724,1.1951056249148724
515,1.8173809119648605,1.6474382677960961,1.9596612108972271,1.877749991347646,1.877749991347646
516,0.0,0.0,0.0,0.0,0.0
517,4.456957403746918,7.004944918294926,3.886452876054351,3.4425129872264377,3.4425129872264377
518,-1.2796198172078714,-5.248356649909584,1.4653326796993393,-0.22388208580845825,-0.22388208580845825
519,-5.370326906282543,-8.640670100301557,-4.982752398713266,-4.956771230830985,-4.956771230830985
520,0.9935972803734243,1.4924919049552836,3.159972878802883,1.0727595349824777,1.0727595349824777
521,4.777126962739496,8.736065469450546,1.749533726275981,1.9766480190224742,1.9766480190224742
522,-3.127214882159172,-4.475342979972796,-6.166752288413764,-2.0935602002848537,-2.0935602002848537
523,1.121279062215727,5.180788255876454,0.5353551620056193,2.0294273272839174,2.0294273272839174
524,2.4896988985995026,2.6571039001208656,2.38528504381166,2.612281713793537,2.612281713793537
525,0.1421303996172938,0.7721278888546934,-0.5582151512778454,-1.030096268566292,-1.030096268566292
526,1.626094091234738,0.22366104542449874,0.8867008649195602,-0.08642759061892435,-0.08642759061892435
527,0.029104800886422758,4.065055505223286,-0.7367088589335871,-1.0976990710779295,-1.0976990710779295
528,0.0,0.0,0.0,0.0,0.0
529,0.12646319383782845,-1.3649755637174332,-1.983523620332998,1.0734152900742655,1.0734152900742655
530,1.8390914517587238,4.986909568788278,3.066521162856278,2.8973561515962016,2.8973561515962016
531,0.18390135969227472,0.21831074031639433,-0.44234830274310044,-3.1214710436229347,-3.1214710436229347
532,0.9046014231886078,0.6153974282323353,0.923994130548928,3.164624494068771,3.164624494068771
533,0.5085564048686138,-0.005913657982989287,-0.2904887645476538,0.17523908721052686,0.17523908721052686
534,-1.6198590478870887,-0.12146112234404675,-2.747558337413405,-4.370357169644985,-4.370357169644985
535,3.7899943981158675,4.935297192512394,2.2492766107536504,2.899763440259489,2.899763440259489
536,0.23182298997858733,1.0703709084736204,1.3692106916093807,-1.0142165042237465,-1.0142165042237465
537,0.7765676853405192,0.7322963121118858,0.6901559483311014,-5.436015712977758,-5.436015712977758
538,0.15658272465489387,2.193193366552252,-4.628080755265099,-1.031274557026685,-1.031274557026685
539,-3.9219280803651904,-8.27006605410417,-5.572801090975575,-3.5105528816134433,-3.5105528816134433
540,0.0,0.0,0.0,0.0,0.0
541,-1.3296254389772935,-2.2426251706485942,-0.37315779279856837,1.2270060552125495,1.2270060552125495
542,2.7652905189274213,5.976382746950193,2.671427821814656,1.9065159886235392,1.9065159886235392
543,-2.9300877796580718,-2.5427927553243106,-5.349272422691468,-3.986364922960423,-3.986364922960423
544,-2.031875407611957,-4.384954261460091,-2.6741387616771903,-1.1468456601558998,-1.1468456601558998
545,-1.4716014272416642,-4.967305072767574,-1.4102540827875214,-0.2743224765889682,-0.2743224765889682
546,1.8638278389052731,1.6770681288377256,3.0914618555978093,2.5515176219079647,2.5515176219079647
547,-3.029715126682654,-3.554406680759128,-0.3531238977461625,-2.0156266815222943,-2.0156266815222943
548,2.929232801471443,3.6640548235975663,3.3096630644262417,-0.4684775110763487,-0.4684775110763487
549,2.131012962076652,0.7699231494938052,1.382423583618695,3.6053121855121764,3.6053121855121764
550,-3.191264923070329,-3.4029974434308956,-3.5266073754064124,-3.7451503211853208,-3.7451503211853208
551,4.105448001604671,7.452334032539887,7.486590988532432,6.85395394433005,6.85395394433005
552,0.0,0.0,0.0,0.0,0.0
553,1.6131429586304882,2.190330033995191,-2.8450853595405605,2.656794182335312,2.656794182335312
554,-0.3282714148988919,-4.959899396712315,-0.34257477357471205,5.352750171964909,5.352750171964909
555,1.7345361276249058,3.036297426227199,1.1623080442824623,1.9371552928883202,1.9371552928883202
556,1.8297679503327446,4.2038795248951155,3.808499538275436,2.397516473656154,2.397516473656154
557,0.5312263889396889,-1.588810022522433,-0.9284082092157442,-0.965061305490092,-0.965061305490092
558,0.42666352957347914,1.3210428483519276,-3.384606823888999,-0.916352764879501,-0.916352764879501
559,-0.4031380135046514,0.6359220290249777,-0.36516754983068545,-1.1401264758220149,-1.1401264758220149
560,-0.38055705640824633,1.4999846463287634,-0.43236931156770436,-2.9883881247744264,-2.9883881247744264
561,1.689000164872536,4.772123935597243,1.6204230885805835,3.01830905737024,3.01830905737024
562,0.6560851238430754,0.8392568704334337,-1.6446114074701832,1.2380667104593857,1.2380667104593857
563,-1.1503054434406015,-5.191223076604498,-2.249190468936726,-3.0565427857439484,-3.0565427857439484
564,0.0,0.0,0.0,0.0,0.0
565,0.10703767388087115,-0.49409667400561,1.1252369489972345,-0.13286512689138308,-0.13286512689138308
566,1.273928801477221,2.713839604898317,0.19444703156748663,1.269571704997095,1.269571704997095
567,-2.152515322145627,-3.0315097983499415,-3.0986718853351873,-4.608980378653213,-4.608980378653213
568,-0.7778998930875074,-2.2729666099816845,-3.827250560662474,0.06590703218362327,0.06590703218362327
569,1.7700060256738561,1.463390026834054,-2.0288830816001915,-2.0267687861925014,-2.0267687861925014
570,-3.4921660824560927,-2.550123991458373,-1.4830246259880642,-5.006251111330644,-5.006251111330644
571,0.32019069841027203,0.01646863738850068,-7.516948986165016,0.5970727358089579,0.5970727358089579
572,1.1146704442103221,1.4302972308704611,3.822913886234976,1.4719727843476669,1.4719727843476669
573,0.9789144771770276,1.0997627990135033,-1.7579575670071776,0.8227608506448677,0.8227608506448677
574,1.585573403273377,2.4140341448981997,0.35134846288571975,1.5147008073037598,1.5147008073037598
575,1.2084234837348522,2.3182656447809924,0.04395259322924338,-1.440743159175557,-1.440743159175557
576,0.0,0.0,0.0,0.0,0.0
577,-0.005852513924556435,-0.11734480017809314,0.676014458350031,0.9960770360543859,0.9960770360543859
578,1.8625230454348694,3.5154806246680415,2.598470744267828,3.0476839764205255,3.0476839764205255
579,1.7892271111537392,1.4238207953994113,4.1991505996598395,0.1967506424171849,0.1967506424171849
580,1.9527519102491013,2.210548419249218,2.6917722541761973,4.967419009120311,4.967419009120311
581,1.2868341797453426,3.2696278869831867,1.8687565469749798,2.2237245256087927,2.2237245256087927
582,0.11168084819603008,-1.551206889674408,-0.8706932230417993,-1.243251022215371,-1.243251022215371
583,0.6184682086692257,-0.6508378734076616,0.726465169820222,1.6705040133944915,1.6705040133944915
584,0.9119604767932865,-0.04390740904597255,2.2380568269781183,1.3432915525167888,1.3432915525167888
585,-2.4860915047803998,-2.6209569104997605,-3.2673592847988404,-3.6043165278255027,-3.6043165278255027
586,3.297078751727701,4.0015625379379,4.966411174515864,0.7369107197574695,0.7369107197574695
587,0.7806074316602849,-1.1383760718375784,1.8018255770938345,3.5167053662539733,3.5167053662539733
588,0.0,0.0,0.0,0.0,0.0
589,1.0973987985558782,4.168726855320006,0.1122892084039084,0.9301872906993294,0.9301872906993294
590,0.7101171270176936,0.19731951352260843,-0.9521922485996269,-0.0976839653499208,-0.0976839653499208
591,0.9238104289754665,-0.6293574341334098,1.7252033558766404,1.009926687912447,1.009926687912447
592,0.7477646153475785,3.2917085506872508,0.9993336184313879,0.07047217786633193,0.07047217786633193
593,0.8436186632281495,1.0043036337524742,1.5695505892503852,-1.4366159254587518,-1.4366159254587518
594,1.8695260936915834,0.24608771428671025,2.8392350502646577,4.005831695138007,4.005831695138007
595,1.691030969331871,2.099045858123133,0.6764345087146231,0.947132666325961,0.947132666325961
596,1.185067643639642,1.1775686994160275,0.5279979143764147,-0.24386988828186362,-0.24386988828186362
597,0.6343841304035986,3.0040282117937873,-0.18150273504175934,1.7384462866078154,1.7384462866078154
598,-1.2108941103417112,-4.768438504407686,-2.727693776713708,-2.8569537535232903,-2.8569537535232903
599,-2.495825575383719,-6.400850103126994,-2.734871679295079,-3.408961039774837,-3.408961039774837
600,0.0,0.0,0.0,0.0,0.0
601,2.1456993808065303,2.3534106950289058,3.649396996740628,2.5443364883069437,2.5443364883069437
602,-3.4811659671162722,-3.390607818023214,-3.0424730440037804,-2.8113447764594204,-2.8113447764594204
603,1.8858032109631768,3.158469295240982,1.2796197260704845,3.191134033474627,3.191134033474627
604,2.6335756608250396,1.446573861266523,2.646576889771247,2.7027194990040573,2.7027194990040573
605,1.6444308524691598,1.775816466281823,0.6097793620679531,0.15190613421158833,0.15190613421158833
606,1.0673291262722144,0.7031800860903237,-0.18434002131020172,-0.7751052633252941,-0.7751052633252941
607,0.07481642406819988,-2.3060963550709546,1.0268215565629801,-1.0405634839493911,-1.0405634839493911
608,0.7017343152294433,-0.5101278035079971,-0.14283865606237184,-0.16676546658488559,-0.16676546658488559
609,-0.39727398712661244,-2.150782208673529,1.0813721108001506,0.2288974535183781,0.2288974535183781
610,-1.6578361936985908,-2.8577446986604986,-0.6717636895210187,-0.8482565382205175,-0.8482565382205175
611,-0.5581993079359342,0.6985847593733672,-0.5140673398754584,-0.047083191744187534,-0.047083191744187534
612,0.0,0.0,0.0,0.0,0.0
613,3.070193388184067,6.576280860349453,1.2361613928812165,4.978604203834352,4.978604203834352
614,1.7396328261953962,0.5231179345751122,-2.1195153774870925,-0.6405786419995636,-0.6405786419995636
615,-0.053658583413415784,-0.9538556117321397,1.8069779359108813,-0.7333542155275101,-0.7333542155275101
616,-0.14782784602515253,0.8712714086385618,-2.387860914455675,-0.6504975812752096,-0.6504975812752096
617,-2.027246828584988,-1.6695585335984129,-1.159779224337627,-1.3194668662217364,-1.3194668662217364
618,2.5797376159691616,2.9862999792748446,1.73125985891294,1.9406006605674815,1.9406006605674815
619,3.1109520647435023,10.435468266228824,1.8255672065338069,8.118558602521233,8.118558602521233
620,1.3554318658200764,1.3777338853992394,0.2864479089845844,1.1461507309074608,1.1461507309074608
621,-0.1745040587385649,-1.1596550621193535,-0.4794640027796234,-0.5704538981359789,-0.5704538981359789
622,-0.06287687435003653,-2.0060031527162354,0.0722054224037256,-0.8209321502969904,-0.8209321502969904
623,0.40718941795641034,0.032434300661341856,1.020098693620413,0.14117324639425483,0.14117324639425483
624,0.0,0.0,0.0,0.0,0.0
625,-0.3950690168554702,-0.7451393400345292,0.8595602082249975,1.289498612760091,1.289498612760091
626,0.1760931455048267,-2.1228535759154545,1.04070041047693,1.968430271421059,1.968430271421059
627,-1.4913652860980386,-2.182110731162774,-1.1844203602339816,-1.397563567146321,-1.397563567146321
628,2.327552955702682,1.9340296553060046,0.82790780486058,-0.4366217852606053,-0.4366217852606053
629,0.968705483872456,1.1671187252434274,0.5372908078732314,0.4664925176886131,0.4664925176886131
630,-0.6570967032651673,-1.0750691913790438,-1.568065572001009,-1.6498132390947853,-1.6498132390947853
631,0.16316368877650134,-0.2804331502010993,-1.9387226231186858,-1.0729690400706904,-1.0729690400706904
632,-0.17367906888055606,3.527931989637926,0.20215547454463748,1.7573366716095595,1.7573366716095595
633,-2.267823064938332,-0.865885993160608,-1.317094742975451,0.007676440844069683,0.007676440844069683
634,-1.5661606393312864,3.1277637543413555,-0.88056958920656,1.0942780964386534,1.0942780964386534
635,3.772718083479152,5.243821391335755,3.062710724186493,2.4649546824542687,2.4649546824542687
636,0.0,0.0,0.0,0.0,0.0
637,1.0314508373059232,0.3622214875914002,1.5476292489102232,0.5292208688826752,0.5292208688826752
638,1.9463725120770996,2.3898005499399853,0.9113606921001198,0.8208114991200024,0.8208114991200024
639,-0.9072743972540489,-2.606408771160599,-1.4147091445305011,-1.4118776409740141,-1.4118776409740141
640,0.39302702990920596,0.8030746989143406,-0.021809932713595027,1.47767890667844,1.47767890667844
641,-0.6246943334951067,-0.3421525803983506,1.5902937423828205,2.0345932522569496,2.0345932522569496
642,1.264263286434714,1.3511953588054435,3.1032046939717657,1.5207353031069308,1.5207353031069308
643,-1.1245617410153839,0.6137600982024237,0.5507156883292883,2.1955634947393965,2.1955634947393965
644,-0.3958863815860798,-0.6564896734267008,-0.26226338620392764,0.45028229118827745,0.45028229118827745
645,1.7640128173491274,1.8018487021703562,0.4870572755986769,0.12741661450828115,0.12741661450828115
646,0.09500093107873142,-0.4802617648732358,3.674027894638244,1.7991863463458577,1.7991863463458577
647,0.13781866785312236,-0.2633493465172258,0.4139615310437843,0.33237659713950574,0.33237659713950574
648,0.0,0.0,0.0,0.0,0.0
649,-0.5357584113815652,-1.0022797090568287,0.15737173521876063,-0.16624132655500648,-0.16624132655500648
650,2.439003605922779,1.402372711980235,1.9523523306510016,1.4730347470043326,1.4730347470043326
651,0.9659740565902938,-0.6825714923502307,0.847229553785585,1.6866452145236224,1.6866452145236224
652,0.8438254991378131,0.605301275580535,-0.7714024617871594,-1.4371366120268425,-1.4371366120268425
653,-0.8471787665006447,-0.13968588286581946,-2.0803225823504516,-0.7046214671357769,-0.7046214671357769
654,0.4993289532465648,0.9084393471325656,-0.6775886913251559,0.48273219734332373,0.48273219734332373
655,1.615744343534184,-0.3789851007132339,1.5590034124683,0.731795086256728,0.731795086256728
656,-0.6253199038831005,0.0888161157922156,-0.22197214468688706,-0.3211542282894903,-0.3211542282894903
657,-0.073374927017124,0.9482147604102036,-1.3207132035338698,-0.2904673803040685,-0.2904673803040685
658,0.766386648921348,1.1081520927796227,-0.2564988134070609,-0.48055507773155215,-0.48055507773155215
659,-0.9739589431482352,-0.1393401363397897,0.9165489472255699,1.2464448727178346,1.2464448727178346
660,0.0,0.0,0.0,0.0,0.0
661,1.0409545419992396,0.30084113575484606,2.3410295403238113,2.711412324914346,2.711412324914346
662,2.483909151202542,2.4611887631754077,2.5986219647347943,2.1104018146976067,2.1104018146976067
663,0.2698370681248514,-1.136617148232278,1.4311976430766498,0.969990544428821,0.969990544428821
664,0.35042418331591874,0.2742180007976904,0.6334377143870524,0.38669919585116674,0.38669919585116674
665,0.26307332503278014,1.0641951996403043,0.7599446173616347,1.463385868911983,1.463385868911983
666,-0.23642285337960867,-5.693520762031695,0.1716863460421846,0.13225580340064505,0.13225580340064505
667,-1.4120022556147815,-1.8082728443366825,-0.662281964076133,-1.028503971706899,-1.028503971706899
668,-0.25089414269549093,-0.6877992811801608,-1.2049086988818876,-0.8863569037609391,-0.8863569037609391
669,-1.8854827594694992,-1.061373966677909,-0.525455566930675,-0.09460459586903827,-0.09460459586903827
670,-2.291228187695623,2.624972759528907,0.36792956536073695,1.8911579648162897,1.8911579648162897
671,4.734453223317293,5.038586397642802,2.2878355013807328,1.360045458590018,1.360045458590018
672,0.0,0.0,0.0,0.0,0.0
673,1.553621717097272,1.1452929998452797,0.46925107961031326,-0.29284964391372303,-0.29284964391372303
674,1.168849293709818,0.2894282522601689,1.3704226546870395,1.9930009055271931,1.9930009055271931
675,0.9488678469732902,-0.6480684522283807,3.1636229671304092,3.35959943984776,3.35959943984776
676,1.272071078063144,0.5299903174851044,1.0211505422055687,1.432866899037043,1.432866899037043
677,-0.2431603730899803,2.5244588634848837,-0.7649052394793225,-1.0145172403273552,-1.0145172403273552
678,0.011436913830461082,0.7045735475893178,0.9759309781648021,0.8088832393389759,0.8088832393389759
679,-3.0115923499255937,-2.9090462747019297,-2.688839384110089,-1.8152827286392361,-1.8152827286392361
680,5.243320469326429,5.099873577749477,4.327644505349878,4.0504540334924535,4.0504540334924535
681,0.052304620197776375,0.3680804484324858,0.1869887116320127,0.4025179601806551,0.4025179601806551
682,-3.4409032289710475,-0.20613614573537675,-2.9574208388341265,-4.234678502154454,-4.234678502154454
683,1.1815336413305233,0.3674881106793133,2.773981238092229,2.070038279835352,2.070038279835352
684,0.0,0.0,0.0,0.0,0.0
685,1.1145338799044164,7.450308416664905,0.6178276975185619,1.0010843564640153,1.0010843564640153
686,0.7742245578429943,-4.007497696796589,0.06788555686223194,0.12103782066093592,0.12103782066093592
687,0.6557513408152031,-0.8343950175658735,-1.9471118173098787,-3.445599835308835,-3.445599835308835
688,1.663259832210785,-2.5446814422964517,1.8202315463957648,1.929443067855117,1.929443067855117
689,1.1589099707965416,-2.269982631991475,0.17029173365045766,0.9760172797462898,0.9760172797462898
690,-0.22681795892235893,-0.14213414857306814,-0.8566822480899258,-2.363270724224183,-2.363270724224183
691,-2.615372074440385,-3.5356780507425376,-4.679743110576916,-4.545902752614968,-4.545902752614968
692,1.8222385046615674,4.778751893527921,-0.5186221543364069,-0.4667271276218939,-0.4667271276218939
693,1.4884504946373147,3.7537791993643386,2.659658523576526,2.7163248467219123,2.7163248467219123
694,-0.9910113133219066,-1.8037077529642298,-1.1990435938556985,-0.00604691774166548,-0.00604691774166548
695,0.5726649988525543,-0.4408626045957668,1.112279864854754,1.8017514880977377,1.8017514880977377
696,0.0,0.0,0.0,0.0,0.0
697,-0.33988331842012776,-0.2446676254342819,-1.7956336964793207,-1.6827121309474848,-1.6827121309474848
698,0.3269257231273135,-1.1881979349303944,0.7543920157145922,1.0638006958384199,1.0638006958384199
699,-1.967343523174137,-6.242282639262428,-2.025370940912502,-0.7639687091926535,-0.7639687091926535
700,0.55307773701522,2.047015872837594,-0.46090660857986065,-0.8844618344941824,-0.8844618344941824
701,0.9733222559718858,0.47778964341765223,-0.4619887184096622,-1.2898198782791408,-1.2898198782791408
702,-1.021862449337263,-1.4481286692404136,-0.691124140866098,-0.35093832002835706,-0.35093832002835706
703,0.8441151671087199,0.6363175056165792,1.049859617137864,2.352267602225429,2.352267602225429
704,-2.1109306343746503,-1.7723584146400013,-1.832280621366402,-0.6369080458368264,-0.6369080458368264
705,0.6049696069524522,0.26511202425568453,-0.11644305591483668,-0.5435301964148326,-0.5435301964148326
706,0.727866083230376,-0.9451325767639707,-0.4370430356815891,-0.20196937529425815,-0.20196937529425815
707,-2.7758090594029134,-4.3124068609747175,-2.554636479716639,-2.1719011416723335,-2.1719011416723335
708,0.0,0.0,0.0,0.0,0.0
709,1.1975757479550597,0.37873974951525774,0.860268364464056,1.3302464953632163,1.3302464953632163
710,-0.7292944481330612,2.7047236271802246,-1.8145887254277675,-0.9692278866637412,-0.9692278866637412
711,-0.5600628378292885,-0.26522689620593654,-0.6912365055237747,-0.6250091245454032,-0.6250091245454032
712,0.19726668569030448,0.27148892447802764,-0.2046050719727785,-1.118897994901863,-1.118897994901863
713,0.33496395240380195,0.8147289709882044,0.83281200181289,1.8294407206943668,1.8294407206943668
714,0.7875657593807264,1.8867887812787882,0.8105354897346185,0.27690215637340176,0.27690215637340176
715,-10.364003735233146,-13.29985777354296,-10.24112149172379,-11.070543819277724,-11.070543819277724
716,2.379965775825558,1.4535025454939157,4.249998544168716,6.3744509143006525,6.3744509143006525
717,2.576026520040754,0.8027336755144039,1.9579816680855708,1.5047605570261338,1.5047605570261338
718,0.45298304578336235,0.991828007641977,-1.6956167132392876,-1.2652410450349012,-1.2652410450349012
719,-0.7715482760489392,1.3811957087381697,-0.77863670785215,0.018030278076529627,0.018030278076529627
720,0.0,0.0,0.0,0.0,0.0
721,5.00215144058371,4.82653427657682,7.199919167526033,7.638994740700227,7.638994740700227
722,1.9605062157249802,1.7430364401965122,0.6147228478295863,-0.23519958257320484,-0.23519958257320484
723,0.9895527183469732,3.3045022727817828,2.153805938721045,0.5910695769497154,0.5910695769497154
724,0.4922288815763003,0.6585895755627112,-3.274834848509011,-3.125823578502123,-3.125823578502123
725,1.8723274502979066,1.0754722801229017,5.062715381220608,4.795568683302174,4.795568683302174
726,-1.5813508489193038,-4.129627188257843,-2.739119109389038,-2.5110417552179123,-2.5110417552179123
727,-1.4961557012378393,0.7376435561107126,-2.534464997497423,-2.3498392472075054,-2.3498392472075054
728,2.3881188740585553,3.970464773211363,4.412623622310845,4.064385517230915,4.064385517230915
729,0.7998471442712503,0.7128127140713524,-0.4681770791491704,0.46599701086244805,0.46599701086244805
730,-2.779776795768573,-2.6778247539923945,-5.786265593149363,-7.122367008298164,-7.122367008298164
731,-1.2190536650376143,-1.3388573408511686,-2.5925289207603495,-1.2285783471747687,-1.2285783471747687
732,0.0,0.0,0.0,0.0,0.0
733,1.792953989787829,3.3584487684687185,0.9285137443584555,1.6773596665037507,1.6773596665037507
734,-1.89443610855665,-1.7831422809320252,-2.2795641352962215,-1.6938547394720647,-1.6938547394720647
735,-4.012808209409082,-4.717166777221126,-5.652261148423666,-5.4015042320879925,-5.4015042320879925
736,-2.3827399457677263,-3.9272666671984426,-2.406237968744307,-2.4496016115266523,-2.4496016115266523
737,1.6390910298259607,2.02647811701739,4.390691592611053,2.122334480287607,2.122334480287607
738,0.5611296680613056,-1.1735783558144426,1.3298578040096454,2.5785054873478344,2.5785054873478344
739,-1.4788377752823938,-4.4389437797879605,-6.005810867266445,-3.8187069571695487,-3.8187069571695487
740,1.4193770908436119,-0.4574545230743149,3.7322461115059755,2.9726456078544765,2.9726456078544765
741,2.437261492406695,2.2402211858679113,2.4674148653943977,3.946231944868159,3.946231944868159
742,3.4199244384001104,6.045480185042478,5.29335905975056,3.843427501179634,3.843427501179634
743,0.9510010507204751,2.498392117553032,0.3077356165839648,1.7207647164563733,1.7207647164563733
744,0.0,0.0,0.0,0.0,0.0
745,1.982240304834866,1.4076814770583428,3.643129289913057,2.260339706151865,2.260339706151865
746,0.7393680770780238,2.819319322442676,-0.9529473004813068,-0.5227680072265399,-0.5227680072265399
747,-0.8632683226662463,0.6006159777751042,-2.3947146102795607,-1.623388433001622,-1.623388433001622
748,0.8299480468146025,-0.15336666383276398,1.9375192514542356,4.461707074202338,4.461707074202338
749,2.630559809639238,4.0667366961821045,4.108869059677874,4.2300110296767715,4.2300110296767715
750,0.07804010255926985,-0.007621557274062866,0.5677007189036359,-0.026977765614409486,-0.026977765614409486
751,-0.7299948621642851,-0.42584301790970713,2.318120290591036,1.2335899009437057,1.2335899009437057
752,0.95161550880841,4.289283258406745,-0.5606422082079905,-2.3788009347480017,-2.3788009347480017
753,-1.3571255852660382,-0.5632838999677685,-0.046223048434652456,2.340999561996497,2.340999561996497
754,0.1857056801508481,-0.43913284420396287,-0.04941014022510229,0.2016794420721231,0.2016794420721231
755,1.0994720617165066,0.5860549039772652,1.0253434068884948,1.9291622921644904,1.9291622921644904
756,0.0,0.0,0.0,0.0,0.0
757,-0.8631860622936794,-0.43809163888496483,-0.7405484058040696,-2.5606752387939973,-2.5606752387939973
758,1.1208098127066035,1.4752190548572897,0.801569931384198,1.154142994078177,1.154142994078177
759,-2.416373217391503,-4.55472106634978,-2.3055092334005955,-2.3712546336845235,-2.3712546336845235
760,2.6363476839867688,2.704115016833928,2.680493755796131,2.265031938603131,2.265031938603131
761,2.530185564566051,1.8096515959957982,3.5978243766768725,4.467026879919205,4.467026879919205
762,-0.07592833612508243,2.4156429195413605,-0.58664709980112,-0.8870392197530288,-0.8870392197530288
763,0.3478834286886483,1.6844369401172274,-0.9543790517621553,-1.3610124433341837,-1.3610124433341837
764,-0.8083386009117682,2.4419413388194577,-1.6270668554492735,-1.025080732445483,-1.025080732445483
765,0.9549863452867908,0.746351636814308,1.589903246643083,2.337201212223809,2.337201212223809
766,0.46022302175818375,1.1737391468143838,1.0087309062018928,1.4047615048410698,1.4047615048410698
767,0.9324919556490643,0.22708027195101754,2.0863836940623477,1.1153630581021563,1.1153630581021563
768,0.0,0.0,0.0,0.0,0.0
769,0.48516246222320625,1.0084289783455351,-0.5815582978479,-0.717419779418697,-0.717419779418697
770,-3.2701156121248314,-4.514786260913996,-3.2680211074467502,-3.6685147688012343,-3.6685147688012343
771,0.8992084977129953,1.8357726094830138,2.251357169441525,1.4348130816894349,1.4348130816894349
772,1.3803040448967896,1.3745181466887046,0.8377849722316224,0.24870972725320872,0.24870972725320872
773,-0.8315232422136745,-1.1463720996736606,-2.26413690767074,1.8545953053428137,1.8545953053428137
774,-0.6593697147313187,0.623099753013678,0.8287390525826456,2.3692653373179158,2.3692653373179158
775,0.3344838404919559,1.9020577369982088,0.07423703883361468,0.34132313069415293,0.34132313069415293
776,0.31634493618641457,2.959984520000705,0.6633575291922029,1.0176213239652787,1.0176213239652787
777,-1.7672849699812576,-1.243463488514653,-2.135414507953578,-3.6547489039342453,-3.6547489039342453
778,1.805335859541666,3.2060264403464065,3.343677593096022,2.3164298206508245,2.3164298206508245
779,2.064600862380855,-1.7397134127924077,0.37046592539896894,4.144599157381734,4.144599157381734
780,0.0,0.0,0.0,0.0,0.0
781,0.598554427439244,0.4170611099047385,1.6163146075209263,0.20974116580778457,0.20974116580778457
782,0.33279001561530164,5.060113037815315,0.129346954338658,4.8368866992501465,4.8368866992501465
783,2.499188923850652,1.4702112249649955,2.755424943184135,0.5227023774498253,0.5227023774498253
784,-0.41034814342334897,-1.1095416180013613,-0.8569983662035997,-1.3016574414703175,-1.3016574414703175
785,0.03708234126540022,0.1186188953502483,-0.5665933256772102,-0.37879616886537815,-0.37879616886537815
786,-0.5282895715977634,0.04698860778536661,0.7528964231988591,0.8731879369554938,0.8731879369554938
787,0.41467152707236915,-2.395471204104125,0.12617684512149413,-1.097813242682423,-1.097813242682423
788,1.0023117785611573,-0.13542430948969014,2.1020705077812516,1.0614816498283033,1.0614816498283033
789,0.4920300862981783,0.2785116548050142,-0.5509558492832944,-0.26451762062351186,-0.26451762062351186
790,-0.06371785376877992,-1.6922760499291878,0.9094148431753614,1.230224074250016,1.230224074250016
791,0.4153247879705227,-1.161410644528518,0.3746779776545184,-0.11650540626604947,-0.11650540626604947
792,0.0,0.0,0.0,0.0,0.0
793,1.110892112074066,0.14098889369266732,2.0002848384691756,1.324060732881503,1.324060732881503
794,0.3152977622883877,-0.5825739007939786,1.353828298136851,0.3446585637062509,0.3446585637062509
795,-0.4901094318196484,-0.9585017871346005,-1.4699428391300924,-1.940657592770478,-1.940657592770478
796,-0.49480086382299837,-1.9363432771461555,-0.05689728357338551,-1.7154167263840927,-1.7154167263840927
797,0.6285089543851852,4.175319001178244,0.8917059157418676,2.195525054434332,2.195525054434332
798,0.5695460231446319,-1.2448017442798371,1.1752195955450289,0.6576769968649715,0.6576769968649715
799,0.2858224172246724,1.6211017574496018,-1.1442400237516142,-0.5073995513422586,-0.5073995513422586
800,0.4632892022345128,1.3748325234762195,-0.0034883766164493014,0.41107936251831717,0.41107936251831717
801,-0.585084993746475,-0.22272959011785642,-1.237166475657145,-3.0938195458694575,-3.0938195458694575
802,1.1732243817095125,-0.08749853867661528,0.0799623810895448,-0.937384573193459,-0.937384573193459
803,-0.4491740726088276,0.16284899371393377,0.40961071504491436,1.2284133163455395,1.2284133163455395
804,0.0,0.0,0.0,0.0,0.0
805,0.2785280156302601,-1.622307633386169,1.0506652473177125,-1.5511874656832056,-1.5511874656832056
806,1.1779575800727897,0.48263000440574605,1.6028340842045339,1.6403259480161938,1.6403259480161938
807,0.8336624136247797,-1.8560978540933422,0.6486094569138401,-2.023880417513003,-2.023880417513003
808,0.9644245399443524,1.436825445989812,0.70625609670165,1.0394922637878814,1.0394922637878814
809,0.7175590582629299,2.1765985643924153,2.588813120928852,3.279933912543255,3.279933912543255
810,-0.9803626645657404,-1.871523964603842,-1.8056509324391026,-3.298474590911131,-3.298474590911131
811,-0.3426884730258708,-1.8093234164967158,1.2520874197114928,0.3409885220390681,0.3409885220390681
812,0.8047138242505939,4.564531088446362,1.9880583432221426,4.12721356606013,4.12721356606013
813,-0.8793220703522876,-4.988301447153931,-1.0672151155780436,-4.181914425804063,-4.181914425804063
814,1.559986871377513,0.4458227665330534,0.7985327178342296,0.08547974714258316,0.08547974714258316
815,0.3800755446942934,-1.32191688196984,1.5741453631626174,-0.47821575097622904,-0.47821575097622904
816,0.0,0.0,0.0,0.0,0.0
817,-0.4714090358387486,-1.0937494830146235,-0.6742806205049814,-2.264749453972657,-2.264749453972657
818,-0.6626232212371457,-1.4100439649453822,-2.4471599451988215,-2.762217400935444,-2.762217400935444
819,-0.09252742061196573,-1.894341938477853,-0.20653458078936532,-1.4322386933565703,-1.4322386933565703
820,-0.43957838724476095,1.9745576370867817,-1.399070757089601,-0.09430537018371961,-0.09430537018371961
821,1.2228507469094707,2.9422040297695804,2.108246824087287,2.5600515195827582,2.5600515195827582
822,0.9740255069947159,2.4488916041490367,1.844398488769997,2.428909717720199,2.428909717720199
823,-0.020240570965787352,2.157382846192317,-3.043948013914342,-1.3853666994994254,-1.3853666994994254
824,0.2001098943413877,-0.5772422833477784,1.7399650624880858,1.8449919740220047,1.8449919740220047
825,0.7639899912926034,-0.7807982323330933,-0.21322972431393888,-1.5757660424538915,-1.5757660424538915
826,-0.2017931261646744,-2.634549788822693,-0.3896919208853884,-1.0008756748649679,-1.0008756748649679
827,0.6103261005041587,-1.9953333719659743,-0.7411875878264927,-1.379572478512355,-1.379572478512355
828,0.0,0.0,0.0,0.0,0.0
829,-0.15755606767440988,1.1666357328133334,0.17309519039793458,-0.8326787143064819,-0.8326787143064819
830,1.4218341203755132,6.782964419634068,2.5713862404185757,4.276118539302651,4.276118539302651
831,0.11402867859252508,-4.341616718335558,-1.6556389559918414,-3.0032691063154533,-3.0032691063154533
832,0.38501318075017266,0.4041424348862507,0.9201795139941664,0.2933399917829009,0.2933399917829009
833,0.8825713276254294,-1.2007793294810694,-0.41595330078121173,-1.5254649219822694,-1.5254649219822694
834,0.8226631324769804,1.5784556591728078,1.0364988348654443,1.6693640691431717,1.6693640691431717
835,0.805148860667483,0.47311154820905355,0.6882669256524891,0.27984382443656197,0.27984382443656197
836,0.8709862419203949,2.4571770316181407,0.608233609376514,1.1453197262167651,1.1453197262167651
837,0.03439068191527195,0.5530746514070545,-0.8191480722367929,-0.12480012641711753,-0.12480012641711753
838,0.6748977602708826,0.21654516322741657,0.5539663914946505,0.5922197083086543,0.5922197083086543
839,1.185667906527595,5.525591339982746,-0.13402286554210704,0.9905453099382001,0.9905453099382001
840,0.0,0.0,0.0,0.0,0.0
841,2.1487318522459935,0.3946265546006573,1.56229448768889,0.5164975037533257,0.5164975037533257
842,-0.8421238892130367,-7.54234568239002,-4.867080194634865,-6.358985539887985,-6.358985539887985
843,-4.885495257872508,-6.269271348298997,-5.001672000062531,-6.114805997645338,-6.114805997645338
844,-0.2761668905570158,-7.4161758404109905,-0.9785945396965611,-2.9982182534577015,-2.9982182534577015
845,1.6188338723158546,2.1717638758312807,3.9727607161707423,4.621388960877891,4.621388960877891
846,0.1649121330188783,1.2253991524200685,-0.40185817252433437,-1.162529000692269,-1.162529000692269
847,-0.26831641537053885,3.844887669918124,0.11218950577252414,1.1696993715635575,1.1696993715635575
848,0.7357519294992168,4.562069993554812,-4.177732356712634,-1.9359094453991328,-1.9359094453991328
849,-1.4888369604762681,-1.6644891296263058,-2.0839939380623114,-2.8208109262319083,-2.8208109262319083
850,-1.7755674851028254,-1.8106701524007327,-0.7921368926282044,-0.7274518232758909,-0.7274518232758909
851,0.8821629758446254,0.2830176684791849,1.4246686754856617,1.8667405241240953,1.8667405241240953
852,0.0,0.0,0.0,0.0,0.0
853,2.1970616098211595,2.8896531452123,0.43385646489285823,1.7597336521537479,1.7597336521537479
854,-2.408873841922483,0.22195075351425916,-3.507482105818295,-0.6952143162805945,-0.6952143162805945
855,1.3153094427125507,1.8871739057551524,4.566789127664747,4.452109897820611,4.452109897820611
856,0.05740641432279103,-0.19193709133395062,-1.5651673350966857,-1.485483089446291,-1.485483089446291
857,1.1818414554825392,1.1895110817355596,0.4514370118004164,0.22191331942336429,0.22191331942336429
858,0.5907723932313389,0.5878045350133574,3.879348757853836,3.8209158335318003,3.8209158335318003
859,-0.6873581905069668,-1.5507824262247634,-1.125102457820351,-1.416480911690077,-1.416480911690077
860,1.4720771951464289,-0.02022946261445559,2.709513697355602,0.43369708637167464,0.43369708637167464
861,1.8978731363406827,2.898815157490714,3.882570076337575,4.111179903889344,4.111179903889344
862,-0.6584917419065568,-1.036191892558595,-1.0501861216837636,-2.4113299094396403,-2.4113299094396403
863,-0.3497554054829186,0.30445350362876733,0.3323014912290315,1.193341358390785,1.193341358390785
864,0.0,0.0,0.0,0.0,0.0
865,2.496790971654196,2.6305941552668064,2.219123257531963,2.131150690979814,2.131150690979814
866,-0.5821552861604549,-3.0669640545278942,-0.4358739892760005,-2.486779626690953,-2.486779626690953
867,-0.25318974391741134,-0.8139890235609912,-0.6923100205648532,0.4212846792421251,0.4212846792421251
868,1.21463216293398,1.6928879169203013,0.4502604907114672,2.4073102971852713,2.4073102971852713
869,0.9684237358533582,0.6613959437786954,0.5592727194160803,0.4484403483243472,0.4484403483243472
870,-0.35369494666171075,-2.1042577811544554,-0.3839174899410954,-1.7393090279821297,-1.7393090279821297
871,1.4280290798591595,0.5882302895935801,1.68659165466978,-0.3888328091655744,-0.3888328091655744
872,0.7940852203037004,1.7948296562668362,2.651978590391764,2.110857540175895,2.110857540175895
873,-0.8547717770788148,-2.0629488887271092,-1.7057328131643235,-2.2701375271639366,-2.2701375271639366
874,0.003746556396303502,1.4991094544721588,0.13356802557218006,0.6954293026334715,0.6954293026334715
875,1.3941464848784966,0.46887860359954614,0.901205873620363,-0.16212211968604986,-0.16212211968604986
876,0.0,0.0,0.0,0.0,0.0
877,0.7016503522423632,-1.1054546914664076,0.513690042194381,-1.012024519163677,-1.012024519163677
878,-1.1363441466367687,0.7913760664006089,-0.7176838782238323,-0.6859296505963547,-0.6859296505963547
879,-2.6987716125893537,-4.738815918243662,-3.6156801782808223,-4.902017601063891,-4.902017601063891
880,-2.048260115206005,-2.156884467012071,-1.6290854591205277,-3.192090259415429,-3.192090259415429
881,-0.2985531509318844,-0.5118085132476647,0.7972849300529652,1.3046336198507844,1.3046336198507844
882,2.1728977985026887,1.1648325758119222,2.678142194450834,1.2503821568972178,1.2503821568972178
883,-1.353937903947206,-3.70393960870896,-3.364806468981712,-4.9806054788370595,-4.9806054788370595
884,-3.444504948130812,-4.198055245185451,-4.2126210126274115,-4.036285616888156,-4.036285616888156
885,1.4008787841460988,0.604698588031551,0.8322601654925592,0.4867320355900597,0.4867320355900597
886,0.312750899661139,-0.8087147606309228,0.8202122037637175,1.196420167013262,1.196420167013262
887,-2.5199998055239536,-2.5969784431454674,0.02742266200723596,-1.1344839737484942,-1.1344839737484942
888,0.0,0.0,0.0,0.0,0.0
889,-7.279205172126479,-8.639567787177132,-7.999445014222026,-6.712568227226705,-6.712568227226705
890,5.84535878140003,4.771078931068028,5.330569694460883,5.174436781158154,5.174436781158154
891,3.250774794635223,6.5028959017577135,3.3988085621571464,5.6997160932408715,5.6997160932408715
892,1.2277340046155638,1.381212124004403,-0.0902353343486568,-0.27572779892888133,-0.27572779892888133
893,1.2902703072073827,2.3404721875918413,0.7554598589828768,1.8034641601576589,1.8034641601576589
894,1.235934030727458,2.5507591841206665,2.8723323464991357,1.7334879497806162,1.7334879497806162
895,3.823325824379082,3.690328148865492,4.965836801519793,7.228734036504501,7.228734036504501
896,0.3262607183480628,-0.6266665819832149,0.4334528650584353,0.04869929749049601,0.04869929749049601
897,1.6761192845179047,2.975745370049194,1.764082864418231,2.3657611512148584,2.3657611512148584
898,0.2615139019962571,0.2791936139065894,0.33891931859498503,0.7149773531916318,0.7149773531916318
899,-0.7653052076609566,-0.3824218320533672,-0.8127446080561204,-0.06880804095031713,-0.06880804095031713
900,0.0,0.0,0.0,0.0,0.0
901,0.9534488051061335,-0.3703044226048285,0.6633665194722235,1.4585177385059453,1.4585177385059453
902,-0.43722295476975703,1.2532464442759461,0.29928980062671867,-0.2877807088444107,-0.2877807088444107
903,1.589091741400785,0.3852024691027527,0.7565584014157688,2.3376184823759316,2.3376184823759316
904,0.7558700663753137,0.33642812438601094,0.26649289300242657,1.0901536269833545,1.0901536269833545
905,0.6407410905990545,-0.05319810713407384,2.4373987016981182,3.067208092835896,3.067208092835896
906,0.41863956572474154,0.897101666583887,-0.858055348813116,-0.5036097086748941,-0.5036097086748941
907,-0.12101679568771795,-0.15112393784155825,-1.239887475231585,-2.460773449032909,-2.460773449032909
908,-2.0814862147267,-3.5473620496657428,-2.576148083321865,-3.0355192272287215,-3.0355192272287215
909,-1.3957201533380408,-0.6104832162670155,-1.2863745475424133,-1.9541204849543994,-1.9541204849543994
910,1.3776464919008693,3.3263414417879966,1.025986366442933,0.6015487073734903,0.6015487073734903
911,-2.5720784239619725,-3.813362196912747,-3.23175338771629,-3.9993442563352852,-3.9993442563352852
912,0.0,0.0,0.0,0.0,0.0
913,2.4182678072214694,3.9776975945951754,1.3274788004063047,1.9353271364248557,1.9353271364248557
914,1.11920195828653,1.7973387800608975,0.7193800086616787,0.5374283583248953,0.5374283583248953
915,0.30711217190478024,1.2335630246427132,0.8906253281787804,0.9315306378678556,0.9315306378678556
916,1.250486993240918,1.752425709054015,1.0814028667573428,0.7584246406291606,0.7584246406291606
917,0.7152376133145297,1.7075218629114,2.1734610078810626,2.524126227458965,2.524126227458965
918,1.742728849817825,-1.0842441329614503,-0.6565237583015647,-0.5133467448085586,-0.5133467448085586
919,-0.26317829554363703,-0.3059472840170426,-0.06710848415803715,1.0252352707100012,1.0252352707100012
920,0.5791521565009436,0.8322830712014155,-0.11239421776561799,-0.6962750376502326,-0.6962750376502326
921,-4.761231661191539,-3.3401877406330285,-5.594650137252452,-8.842574788476535,-8.842574788476535
922,1.7132419082661123,1.2537203377947688,0.4519220740670924,-0.057265769475590936,-0.057265769475590936
923,-1.3430702258835008,-3.9158255375990834,-0.20146656565161541,-0.10464217328141923,-0.10464217328141923
924,0.0,0.0,0.0,0.0,0.0
925,1.7013837774167782,2.77667557739147,4.977498518037797,7.560368818611754,7.560368818611754
926,4.6043354515300745,4.516989084388862,4.049726117604399,5.406169155432973,5.406169155432973
927,0.24686102254695563,-0.18576606391579387,1.8211816588416807,3.7728842860877783,3.7728842860877783
928,-1.1534040669116141,-1.5867115190878773,-2.560837661901866,-5.06455945296131,-5.06455945296131
929,-0.7297524828290054,-2.1043305301475113,-1.4715263932213207,-3.4403369308007976,-3.4403369308007976
930,-1.9401199323935021,-3.4503428041574096,-1.1339715402283355,-1.4764735915608935,-1.4764735915608935
931,3.459266280929719,3.96671806338016,1.6395484140353542,1.8485908790555918,1.8485908790555918
932,1.1246959716974807,0.09328205983157839,3.0103038098946313,4.946228335867503,4.946228335867503
933,1.0066717700388501,-3.032235353195647,-0.15526173690076572,1.2790970784371758,1.2790970784371758
934,1.2119119233306144,1.7286529099153105,1.3967017444094296,2.247906722734802,2.247906722734802
935,0.6961731064423582,-0.010640381877359448,-0.39970088229802264,-0.3116038277388916,-0.3116038277388916
936,,,,,
937,,,,,
938,,,,,
939,,,,,
